date,Q_lstm,w_t,P,PET,P7d,P30d,P90d,ASM,BF_proxy,delta_Q,sin_month,cos_month
2008-01-13,12.127408,3.8244598,2.2613142,-1.3664558,-33.840603,-5.467816,-14.490179,-49.274452,15.352139,2.9884968,-2.9248817,-6.630662
2008-01-14,11.858929,3.8087547,2.3149374,-0.01288967,-34.25828,-5.4801693,-14.51435,-49.788662,15.176135,3.002005,-2.9248817,-6.6227527
2008-01-15,11.680259,3.806372,2.314881,-0.44433302,-34.25875,-5.9519773,-14.514478,-48.541084,15.176135,2.839381,-2.9248817,-6.6227527
2008-01-16,11.583113,4.0486913,2.2613142,-0.5806686,-34.252968,-5.6945143,-14.488033,-48.760094,15.358186,2.5165682,-2.8093402,-6.623484
2008-01-17,11.568975,4.370421,2.3101482,1.5304524,-34.367558,-5.9601684,-15.952751,-48.22826,14.752665,2.55399,-2.8093402,-6.6227527
2008-01-18,11.947361,3.5291512,2.291773,-0.012810634,-34.378242,-5.6336107,-14.548824,-50.100983,15.175319,2.2652967,-2.9248817,-6.6227527
2008-02-15,11.74136,4.3237724,2.314881,0.95360583,-34.366493,-5.930715,-15.9549465,-49.040314,15.175319,2.2768598,-2.9248817,-6.6227527
2008-03-11,11.731417,3.8768141,2.2544682,-2.469234,-33.720215,-4.682453,-14.217759,-49.344067,15.55668,3.1227167,-3.171296,-5.648665
2008-03-12,11.694816,4.3358846,2.8362908,0.9525903,-34.36298,-5.333088,-15.90297,-50.203243,15.383305,3.0429738,-2.9248817,-5.6432447
2008-04-03,9.784812,3.5648077,2.4184604,-0.9629071,-34.469707,-6.227405,-16.226923,-53.74751,13.808511,2.681864,-3.4466233,6.111041
2008-04-04,9.515997,3.5534656,2.4619257,-0.5277069,-34.706394,-6.5253086,-16.259079,-53.214542,13.614762,2.7137096,-3.4466233,6.108224
2008-04-05,9.899507,3.5401037,3.2608526,-0.49241608,-34.78762,-6.6011186,-16.22098,-54.122513,13.473289,2.6681364,-3.4466233,6.117811
2008-04-06,10.242627,3.59619,1.7663128,-2.1048412,-33.754272,-6.1234765,-15.907975,-52.824154,13.207682,2.7779584,-3.6930375,6.1054153
2008-04-07,10.234247,3.599279,2.3139086,-2.1048412,-34.27846,-6.1206007,-15.926701,-52.832535,13.2137985,2.7779584,-3.6930375,6.1054153
2008-04-08,10.609284,3.59867,2.29799,-2.1048412,-34.762493,-6.1206007,-15.910491,-52.85151,13.331701,2.7883377,-3.6930375,6.1054153
2008-04-09,10.607244,3.597858,2.29799,-2.1048412,-34.825535,-6.145093,-15.910491,-52.861244,13.361141,2.7883377,-3.6223576,6.1054153
2008-04-10,10.550117,3.5275924,2.2565937,-2.2807064,-34.953434,-6.590895,-16.106205,-50.76734,13.2872715,1.6710441,-3.5589602,6.1054153
2008-05-19,7.3111663,3.672542,2.8784845,-1.8341713,-20.358847,-6.945515,-16.029686,-52.208908,10.042067,-0.13268171,-5.6506414,5.951339
2008-05-20,8.673632,3.7761602,2.796803,-2.3556147,-24.74749,-5.0109143,-15.962287,-52.62864,11.228716,1.2795663,-5.4598446,5.371158
2008-05-21,9.604524,3.623333,3.0136657,-2.0024784,-30.426702,-5.576446,-16.135294,-53.574467,11.121948,1.6900232,-4.074084,5.4731016
2008-05-23,9.232013,3.5765824,-2.9344416,-2.0822942,-31.636244,-4.8129325,-16.47308,-51.508778,12.587926,-6.9118595,-3.7271638,7.415134
2008-05-26,9.637631,3.4996521,0.88751966,-1.8815091,-31.840248,-5.606487,-16.295294,-51.795837,12.146685,2.1752143,-3.607901,5.7724786
2008-05-27,9.189915,3.349906,-6.79935,-2.6866646,-24.517046,-5.3442407,-15.419907,-48.368828,12.732823,0.69024646,-4.483745,5.287704
2008-05-29,-11.756109,3.8700302,0.06254249,-2.924639,53.26558,-2.8361046,-47.127766,-65.631004,10.256673,-0.5016777,-6.409711,6.038404
2008-05-30,-5.132598,3.5562594,-0.29763144,-5.160324,41.129288,-3.3602571,-39.980324,-63.584415,11.24322,-2.5951824,-6.3950987,5.611377
2008-05-31,3.857966,3.9446962,3.9000192,-4.3148007,13.661436,-5.5865145,-25.157223,-62.446598,9.249872,-1.9687002,-7.793562,6.751173
2008-06-01,3.72078,3.6430924,3.084779,-3.6438005,2.0589657,-6.4079547,-16.646744,-57.545837,10.403967,-0.9345033,-7.8196445,6.48265
2008-06-02,3.3154297,3.4700892,-6.7640243,-3.4125705,19.794788,-4.3468566,-31.815992,-59.915794,11.331033,-1.2260678,-7.2607727,6.1318855
2008-06-03,3.803051,3.8158786,-8.0466795,1.4743925,20.688814,-5.568237,-34.215782,-57.773926,11.20114,-0.78508914,-7.0143576,6.1562223
2008-06-04,7.4976525,3.2522805,3.666841,0.6470666,-10.449453,-7.296126,-17.655571,-54.366837,9.881711,0.15595376,-6.414694,5.929656
2008-06-05,4.1286864,3.1496842,-7.362855,-3.4781165,-0.37010756,-6.6940913,-16.089344,-52.97835,11.568749,-0.7069449,-7.0485454,6.375448
2008-06-06,7.3030972,3.2244294,2.7975612,0.07028915,-16.177465,-5.9923387,-17.67445,-52.220116,9.98813,0.48857185,-6.8944297,5.9158483
2008-06-07,7.242869,3.8738873,3.551945,-2.0381305,-15.596315,-5.84438,-17.40548,-53.675865,9.853819,0.2722339,-7.025303,5.86857
2008-06-08,3.721618,3.6488736,-0.9380548,-3.6069195,1.5607134,-5.8679347,-16.668816,-55.959785,10.719865,-0.8292637,-8.321596,6.2641993
2008-06-09,8.304842,3.7345164,2.783531,-0.7651665,-24.541725,-5.109476,-16.274939,-53.045986,11.161365,1.0120857,-5.8042164,5.380699
2008-06-10,9.309575,3.4914157,2.9929807,-2.2907963,-31.42507,-5.2476974,-16.117327,-51.850273,11.691412,1.1194404,-4.487495,5.4282866
2008-06-11,8.851449,3.4014592,1.4684198,-1.3193038,-31.882475,-5.4817104,-16.445192,-50.539055,12.052325,0.90612245,-4.177168,5.4247913
2008-06-12,8.116467,3.5074341,2.4595292,-2.2203531,-32.826614,-4.873176,-16.167322,-51.144627,12.400317,1.3237231,-4.52481,5.500754
2008-06-13,7.8948975,3.063471,3.3299208,-0.13721158,-34.310703,-5.849595,-16.224434,-51.855743,12.175132,1.7352571,-3.6434975,5.576742
2008-06-14,8.27593,3.3591025,2.9527123,-1.3820951,-34.03907,-5.2704296,-16.402283,-54.570248,13.135042,2.2284849,-3.6727386,5.608012
2008-06-15,10.463264,3.4350193,2.393668,-2.1041574,-35.05871,-5.192364,-15.969024,-52.653107,13.104296,2.2329772,-3.9322124,5.575572
2008-06-16,9.579982,3.4312696,0.9321456,-2.5819664,-34.218945,-5.5230474,-15.885619,-50.53503,13.627251,1.8810533,-3.686362,5.572077
2008-06-17,8.000654,3.3591688,0.9653018,-2.7458649,-34.74456,-5.5200286,-16.008308,-50.043617,12.933177,1.3372164,-3.7254462,5.572077
2008-06-18,6.287584,3.6608672,3.0595894,0.81513244,-35.685387,-5.8813496,-17.530565,-53.179123,12.394204,2.362264,-3.6727386,5.572934
2008-06-19,6.910352,3.8153481,2.489673,1.403839,-35.550457,-6.0308375,-17.590996,-52.48939,12.393621,2.208968,-3.6727386,5.5903215
2008-06-20,6.326418,3.2784545,2.4126065,-2.1172209,-35.12205,-5.4221835,-15.829977,-53.090916,12.428279,2.5200267,-4.0235567,5.575572
2008-06-21,8.1407585,3.3892207,1.757817,-2.4765892,-34.715126,-5.0061603,-15.867187,-53.041992,12.434487,2.2889678,-3.9191525,5.608012
2008-06-22,8.245113,2.9730394,-5.7602434,0.07432209,-31.380262,-5.848738,-15.907895,-48.23762,11.733808,2.1135166,-3.537368,5.323563
2008-06-23,8.458714,3.2902312,-6.783192,-2.188638,-24.953556,-5.6718464,-15.365626,-49.515747,12.596281,1.3370634,-4.6865373,5.287704
2008-06-24,3.385755,4.3409643,-13.203476,1.4933491,15.013884,-6.617104,-26.33725,-55.523968,10.614831,-1.9972053,-7.4921346,6.4891014
2008-06-25,2.6656015,3.0372794,4.0611663,1.4197236,23.63464,-4.743457,-31.767723,-62.105984,10.755319,-0.87701535,-8.430329,6.2011127
2008-06-26,-10.914805,4.287919,-7.266486,1.5360558,69.12568,-5.514158,-47.853413,-65.1257,-3.9801836,0.6708641,-5.4301844,6.493068
2008-06-27,-15.357798,4.1401987,-5.0758166,-0.96875405,74.92651,-2.8936222,-51.48543,-62.498455,-3.0153167,1.2698972,-4.6532745,6.508852
2008-06-28,-47.71154,4.4962606,-11.159542,1.2417719,97.27815,-10.25402,-43.893,-43.256706,-2.4285567,1.6657939,-15.498915,5.5831103
2008-06-29,-38.22561,4.7841554,-20.355093,-5.3669257,108.29911,12.902511,-66.80542,3.7843277,0.97779775,2.1871865,-13.408232,5.8052325
2008-06-30,-41.657814,6.118191,-12.877339,-2.282647,100.26766,16.445364,-68.477196,7.906714,-1.5649703,0.92975724,-14.920678,7.062071
2008-07-01,-45.882828,6.3389235,-19.688305,0.1794084,85.99054,24.680515,-67.684006,11.035937,-4.436809,-0.63797224,-14.820178,7.535666
2008-07-02,-41.59416,5.0293136,10.961206,-5.2678123,90.986374,20.397015,-63.415012,10.590079,-6.9960647,0.1059011,-16.745104,7.0515122
2008-07-03,-10.323561,4.9265065,8.913622,-2.6434329,67.35502,21.413752,-69.262955,5.4348435,-11.478058,-0.5223219,-6.9118705,7.697497
2008-07-04,-12.196933,4.9058285,10.008709,0.5392674,67.80211,21.555092,-71.53502,3.1950066,-9.989257,-0.2670999,-7.571934,7.6468005
2008-07-07,9.127931,4.699401,-18.94983,1.4145387,-3.170853,23.23002,-40.94463,15.390541,13.108213,-1.5433894,-9.7801075,6.4950194
2008-07-08,11.422426,4.9803305,-0.019543465,-0.7825924,-24.867338,24.154316,-37.9506,20.866184,11.320446,-1.8763883,-8.587397,5.982693
2008-07-09,10.103047,4.628992,8.387529,-0.28794327,-16.693087,24.260063,-39.450787,22.387403,11.337562,-0.091807656,-8.976344,6.003911
2008-07-10,11.064576,4.8980603,8.424604,1.766717,-27.863039,25.589912,-39.891132,22.538378,11.340256,0.2173667,-9.245113,5.5783453
2008-07-11,7.4369416,4.074583,5.951205,-1.7513999,-25.564075,24.676598,-28.66852,-10.879031,9.543901,0.47292334,-11.395596,7.0301695
2008-07-12,6.6839385,4.186433,5.3098655,-0.73516023,-27.841782,23.687433,-30.675205,-24.132343,9.948972,5.4548855,-8.476194,6.1349635
2008-07-13,25.1019,3.1866174,2.9522514,-0.36979026,-48.525665,25.57125,-26.729563,-41.657604,12.0586,6.192486,-5.056469,5.474939
2008-07-14,25.631699,4.064913,-10.185867,0.7961001,-42.136406,24.993681,-28.757483,-13.914897,12.228029,1.7774407,-7.0153794,5.395175
2008-07-15,21.125294,4.536265,3.9615102,0.044891994,-43.671844,26.12075,-28.758085,-19.726454,11.439906,1.9864138,-7.2817497,5.3549047
2008-07-16,24.434324,5.324085,0.23278025,0.9597417,-43.50024,26.660358,-28.823736,-21.333849,12.065779,-0.87005657,-7.266981,5.223365
2008-07-17,25.852352,5.2786913,-4.4535394,1.5001812,-41.62453,24.197105,-29.429228,-9.442595,10.260375,-1.675041,-7.4507456,5.03281
2008-07-18,26.901201,4.7469563,-20.621923,-4.3486657,10.9789095,12.633325,-31.957123,2.7899172,12.306551,-5.1855025,-16.440973,6.80959
2008-07-19,29.555746,4.505992,5.690353,0.33294135,37.337917,8.696207,-31.180492,9.189039,14.337132,-1.4219236,-17.808313,6.505437
2008-07-20,51.839287,3.796805,-17.278578,-4.1145105,110.451614,9.570774,-20.807848,-9.671375,-1.7246306,-0.6803841,-20.462786,3.555273
2008-07-21,58.26133,12.807234,-23.033546,-0.31123984,103.82001,8.14991,1.3526467,45.803734,-4.868753,-2.4674926,-22.211914,4.0896344
2008-07-22,55.383663,11.753836,-1.7896258,1.3229069,114.32237,21.56332,1.3231801,57.447372,-4.3822565,2.5292108,-23.116318,5.0274553
2008-07-23,43.4215,8.722525,12.990684,-0.16914937,116.354225,13.588459,-32.31621,21.82991,-7.7060943,0.30409014,-21.522158,4.603893
2008-07-24,53.9039,5.9226284,7.8507724,-3.0414975,122.86023,15.602389,-26.858273,4.365607,-1.7880851,-5.2067137,-25.422003,4.239702
2008-07-25,31.912384,3.2016077,-22.359749,0.76108944,33.806763,10.222175,-25.510057,14.714997,17.5645,-10.358345,-17.24111,9.396977
2008-07-26,77.760506,3.8778281,-30.148058,0.299385,142.6775,14.483178,1.3599175,77.9546,8.916112,-2.046202,-22.65719,7.348631
2008-07-27,57.966022,4.8922863,2.3445446,-18.30155,111.46661,16.619576,-1.8355553,73.39065,-11.129317,1.5502748,-14.593528,6.6112566
2008-07-28,62.846184,3.9682844,8.402094,2.3467634,65.80382,19.787577,4.13345,88.28097,10.695625,-4.4061265,-15.614061,11.768227
2008-07-29,52.16134,2.718537,8.3221,3.5573585,42.73113,50.490788,3.403925,97.09105,15.907939,-1.1540798,-17.704695,11.210285
2008-07-30,41.369835,5.22751,11.215845,2.5848818,24.70376,39.542267,4.4815373,56.311783,15.07098,-1.9746764,-19.45202,6.180741
2008-07-31,53.389206,1.4876894,-7.740532,0.37027386,103.97145,44.25965,6.4757667,60.747673,17.394476,-0.3017267,-15.347992,1.591887
2008-08-01,58.426094,1.1487677,-1.1581081,-0.7093139,106.91936,56.082954,10.810541,72.060005,24.325062,-0.7507849,6.934254,15.4908085
2008-08-02,43.076332,2.6049411,-18.577534,1.6761513,-4.250531,37.54858,8.606535,73.956924,19.815655,-0.7915541,7.3508863,13.686058
2008-08-03,53.82641,-2.2028835,-10.609305,-4.3360333,21.093237,21.328188,7.7623024,102.5711,17.725388,12.617513,5.0322967,14.623793
2008-08-04,30.790224,-15.190928,5.556688,0.20480394,21.000399,31.650915,2.738274,93.35084,19.313576,85.64086,5.2090473,13.271296
2008-08-05,29.265776,-13.180944,-0.46504098,-19.823805,58.581814,37.81466,9.31723,76.35187,29.312422,63.548107,5.7328753,13.056304
2008-08-06,24.826756,-39.747025,0.13586831,3.5497744,95.76979,36.149586,3.684564,61.868126,19.381138,14.639623,5.587878,14.407908
2008-08-07,26.862368,-33.193253,-32.638145,-3.9663923,107.53125,22.549412,1.329519,73.42148,18.352394,6.336741,3.2964354,14.182164
2008-08-08,15.830053,-37.182568,3.7036595,-16.146399,97.61519,17.476158,-0.08121859,68.15879,11.203503,25.982944,4.2111263,15.048962
2008-08-09,2.074052,-29.758749,0.73042536,-8.330182,93.244965,17.591206,0.15979522,86.16078,7.8038087,23.71103,3.4793186,13.156258
2008-08-10,-3.0580983,-61.37102,-0.82684433,-11.184979,92.95305,1.7467804,-2.259502,84.789925,6.4855814,10.695563,3.422172,13.430631
2008-08-11,-12.213578,-100.08714,-16.424576,-11.871107,118.16053,5.502635,18.275297,73.7132,-2.7151353,0.5449582,1.432987,11.864803
2008-08-12,-11.891569,-83.86354,-6.9394135,-7.7628927,156.3362,6.0221415,23.721378,83.76122,-7.7000704,-16.65837,1.4048256,12.256933
2008-08-13,-13.299944,-88.653564,4.9252076,1.1859905,151.29344,10.190462,23.172388,89.6858,-11.213886,-4.169611,1.430488,13.331704
2008-08-14,0.46509838,-35.29048,-3.597418,2.099738,131.47365,13.200962,27.481993,125.35302,-6.2762523,0.97426677,2.024124,11.667277
2008-08-15,6.769636,-22.552877,-13.505389,0.39302963,139.7668,8.018263,19.089005,122.19515,-35.248905,1.3343108,1.9259303,5.5434074
2008-08-16,1.3810875,-23.208475,5.86232,-7.5447683,133.28767,11.946762,18.773726,122.20739,-41.588154,6.6892085,0.8398404,7.6177535
2008-08-17,2.503047,-25.0956,8.251594,3.4774897,91.46864,23.638937,21.259539,126.72653,-51.64674,0.30528817,2.8515208,6.380355
2008-08-18,0.8770185,-15.094387,6.960527,4.619718,14.056888,24.760864,10.838969,140.45876,-40.46084,-29.653885,4.505902,7.8066754
2008-08-19,7.6071715,-15.605781,3.300517,3.094563,4.7217946,22.724487,14.680543,142.90503,-39.169,-31.326338,3.2472475,8.006764
2008-08-20,5.361782,-16.405415,7.7291865,3.7853231,-18.567791,24.481176,16.355524,137.83406,-40.523388,9.840405,2.4961405,7.2450075
2008-08-21,5.472021,-17.631575,1.8585085,4.505034,-34.823643,25.634363,14.065603,117.13203,-54.33894,34.661568,2.259682,6.002999
2008-08-22,-6.732298,-15.781425,-3.979511,2.7900524,-51.479023,21.264973,12.1077795,96.847855,-63.459934,3.7396061,-0.9519858,7.427815
2008-08-23,-15.22617,-23.637291,11.954226,-1.0393612,-51.568157,12.991245,10.935869,88.169106,-66.53455,1.4542589,2.1567137,5.354105
2008-08-24,-5.3727436,-15.065427,-34.551624,-10.22677,7.9550705,20.783648,16.570963,118.878845,-35.716785,24.512228,0.54709315,11.762682
2008-08-25,-28.119944,-14.985309,-1.9250195,-15.586627,32.66169,27.237804,17.799591,129.65291,-31.179953,77.57541,1.3505749,16.033152
2008-08-26,-72.437195,-27.303476,2.839537,-16.33042,12.755559,22.472918,10.482425,90.24746,-36.383038,15.082916,2.9907753,17.630196
2008-08-27,-81.27016,-26.996033,-1.1618792,3.579934,85.572174,13.993752,18.503035,85.17093,-54.91269,0.09882899,2.82367,23.319954
2008-08-28,-77.23713,-19.01414,5.249989,2.9353924,98.20826,15.128485,16.425907,95.68455,-74.47451,10.812356,1.5713695,24.742155
2008-08-29,-83.618195,-15.67236,-1.1746019,1.8300091,93.203575,17.119362,19.976942,85.79784,-72.37858,-2.0160713,2.860855,30.169262
2008-08-30,-83.07131,-21.039515,-3.4219677,-14.548507,120.51779,9.519871,16.751074,80.53441,-66.75441,-6.1024804,0.66712356,31.76948
2008-08-31,-74.06535,-20.161182,12.567786,1.9189645,-9.105986,21.590334,11.336328,55.044865,-88.4437,-32.503918,3.1877956,42.136826
2008-09-01,-51.219414,-37.245872,-4.7666144,-4.741039,-15.653894,-5.183074,17.069498,49.384647,-92.00257,-40.686394,2.5054405,-6.9252305
2008-09-02,-70.39813,-10.759114,-3.254266,2.762745,-10.166271,5.909581,12.774135,44.67945,-109.24749,-28.066908,5.814197,-4.2298703
2008-09-03,-27.285172,-14.196434,-24.861067,3.299111,149.74696,24.323317,16.186691,116.02051,-58.639584,-26.232054,2.70101,-5.1582527
2008-09-04,9.754392,-19.590042,-15.276256,-5.245179,149.0264,32.763226,5.4529824,139.81253,-59.243042,-27.318884,2.6343768,-0.28461504
2008-09-05,8.492168,-17.459013,-4.1237326,3.1339111,157.95078,33.33976,11.49913,144.18805,-58.851604,-28.31338,2.882561,-0.6196773
2008-09-06,17.20144,-10.257045,9.298248,3.1671536,115.90794,24.622192,10.321274,120.71907,-40.733883,1.1279191,4.4301333,-1.9946566
2008-09-07,15.523721,-4.3727508,11.525124,-1.088947,112.40767,22.651075,10.664058,122.46726,-39.28111,10.739391,3.1677856,-3.7396555
2008-09-08,10.987666,-13.895069,7.138052,3.4024107,91.78757,23.758589,12.61119,108.612465,-47.146095,10.7127495,3.63804,-2.1966982
2008-09-09,-9.479149,-14.340454,3.0374532,-12.371318,93.72949,12.603156,7.659628,101.316315,-51.401806,0.9125688,4.772952,-2.2185395
2008-09-10,-26.27603,-15.028056,-0.65425014,2.480665,-41.01205,28.26249,13.977887,110.98488,-53.384617,-0.95084983,3.4744425,-2.3063173
2008-09-11,-32.097744,-22.234398,-23.711702,2.157219,-38.54705,20.356306,5.219285,114.36469,-56.41362,-0.9296837,1.9865484,-2.3798914
2008-09-12,-39.343075,-19.950537,1.9327941,2.0566325,-40.835342,19.583244,8.601048,119.64538,-54.429974,0.6790763,1.7846134,-3.1440854
2008-09-13,-63.670776,-9.127281,-2.5341783,0.75801605,-28.719055,14.569794,-2.5438726,103.66446,-79.94311,-2.7537653,2.3288097,-5.867756
2008-09-14,-42.710815,-17.305187,-11.406482,2.1740863,3.8269777,14.451912,-13.616665,101.53222,-87.57618,-3.1208434,3.4769971,-5.5898037
2008-09-15,-65.886734,-9.011448,7.5976543,3.0936728,25.532,18.439644,-2.2153788,87.37452,-80.23173,-3.2876606,3.284218,-8.586028
2008-09-16,-44.267685,-18.751177,8.623222,10.821231,33.234726,30.065928,-4.412601,63.297195,-89.23103,99.07777,2.4781904,-6.795879
2008-09-17,-80.25717,-3.7060785,-8.579132,-26.296055,48.77227,18.755772,-11.533088,74.619225,-76.09126,70.44351,2.0576253,-6.7963314
2008-09-18,-78.546295,-5.4768667,-0.5335672,-2.5299082,-2.8342445,23.327248,-6.4402547,64.15986,-90.76197,71.0224,1.3840725,-6.136088
2008-09-19,-62.50332,-0.33022815,-1.5492063,2.696709,-6.92478,12.50905,2.8797402,30.430172,-111.78897,-0.7820084,2.4038095,-9.419461
2008-09-20,-56.089344,-15.997301,-4.5038905,-10.127051,-17.082693,8.990429,-0.8408942,33.765278,-89.63851,-48.308628,0.21601707,-8.081443
2008-09-21,-56.847824,-12.060728,7.948776,2.2975557,-34.55311,20.753597,1.4935647,22.586065,-124.16726,-41.270123,0.21934563,-5.0770125
2008-09-22,-55.177975,-13.368963,-20.73427,-6.431401,-19.02181,3.7864733,-4.0758543,35.727634,-97.73962,-49.38231,0.22853714,-6.483282
2008-09-23,-45.892117,-11.754122,-5.5447516,5.3200097,16.533798,-2.9827516,-6.3064013,21.457605,-103.820045,-40.27731,0.92089385,-9.79963
2008-09-24,-46.49077,-13.549191,-3.8390565,-6.726087,-3.39727,2.4521718,-2.2792394,30.242935,-104.14597,-2.5855596,3.191158,-8.985265
2008-09-25,-52.684875,-10.595708,-17.33754,-7.339982,35.496952,-2.2507484,-3.7879581,37.618095,-94.351616,-5.2516727,3.0435855,-10.063785
2008-09-26,-60.458538,-28.765926,-17.895826,2.9943376,104.83289,-5.2049465,-5.541707,65.36295,-59.43796,-13.3440075,1.1810904,-14.118561
2008-09-27,-57.7541,-22.533863,-36.892345,1.1945772,159.0,22.708773,0.038270317,102.84093,-60.705894,-0.71076506,1.1306653,-12.7154255
2008-09-28,-55.024696,-6.3137155,6.092879,7.021022,190.3397,18.309912,2.1149042,113.018364,-61.93964,2.8223302,2.849799,-12.234839
2008-09-29,-71.471054,-7.9776435,-8.966663,-11.545678,209.10844,27.700487,4.5162907,132.87329,-65.14581,-23.828947,2.6880496,-10.515794
2008-09-30,-44.330917,-28.580278,9.658271,3.0759323,184.77979,26.267311,-0.55807585,109.942635,-54.163944,-26.0781,0.95420915,-10.594045
2008-10-01,-32.26911,-30.210815,0.03281814,-13.684977,161.02165,28.502897,2.7991536,109.09662,-56.964874,-3.6398327,2.4327857,-19.062763
2008-10-02,-31.244,-23.87585,10.2108,-12.829204,123.71232,21.247362,-2.0929983,98.78483,-48.875782,-21.879744,2.327287,-28.558708
2008-10-03,-46.510544,-55.31838,10.95805,5.3432264,92.939125,14.324662,-12.927085,58.184578,-57.393,-27.102818,1.3052615,-41.70663
2008-10-04,-26.987173,-59.55975,-2.7704911,-9.639276,-19.412012,31.845663,-3.3535848,72.64175,-69.83438,-49.002583,1.9558346,-21.452116
2008-10-05,-4.8038774,-63.016045,8.455543,-8.991034,-28.835144,53.706875,9.405235,90.03687,-72.069916,-16.560991,2.0459044,-22.59227
2008-10-06,-32.31931,-62.946133,-6.058019,-7.5421696,-42.642532,23.395317,6.808181,69.280876,-83.737015,-1.4914308,1.3127782,-19.842035
2008-10-07,-34.996296,-31.831516,14.1115885,-7.7475123,-40.27409,32.83785,10.705396,31.670156,-109.26498,-1.2885917,2.5456011,-11.92861
2008-10-08,-38.30761,-32.84906,8.113272,-2.6676335,-48.83126,28.812504,11.931006,22.673813,-122.61558,1.2582078,2.4227948,-11.051547
2008-10-09,-48.281387,-33.598175,-5.5415974,-4.491622,-51.398582,16.690363,6.2817373,11.707695,-127.74213,8.86914,2.2584803,-11.846046
2008-10-10,-41.25396,-29.37416,5.4696355,10.655041,-60.071014,38.234623,5.471446,-10.009147,-119.130424,46.114655,3.3838332,-8.559599
2008-10-11,-55.055862,-26.497213,-2.6548076,-0.7969634,-61.711914,38.841496,-1.0599046,-11.976575,-124.51733,35.389816,3.9275777,-8.773971
2008-10-12,-57.251213,-23.341492,-23.229635,-4.721616,-29.77317,31.538082,5.1170583,5.1692924,-118.42306,5.177304,3.1096973,-11.797457
2008-10-13,-62.711178,-19.220995,5.526548,-5.0015287,-49.088394,33.949497,6.6300673,1.7549158,-127.8565,3.1614294,4.8674526,-10.603893
2008-10-14,-61.807854,-18.98456,6.8663335,-5.0542736,-38.31492,29.798944,7.0760217,3.5546143,-128.13799,1.0892804,4.4909806,-10.714043
2008-10-15,-57.42102,-18.270315,-4.167606,-4.5675526,-27.931808,33.702763,6.990239,2.226502,-126.8066,-4.7547436,4.8027353,-11.047839
2008-10-16,-46.325924,-23.964296,-15.714382,-7.3691125,-16.048136,26.80965,9.1108265,0.9490922,-105.16956,-46.72648,5.0102167,-13.1117735
2008-10-17,-41.397873,-21.120852,3.5886338,-11.89439,-10.800288,29.00165,7.7590957,-3.006096,-113.9764,-43.784626,5.0069017,-13.383898
2008-10-18,-36.281124,-24.337862,6.33435,-1.1201465,-24.38276,27.176214,11.709017,-2.1907403,-112.923706,-43.843987,4.3503942,-12.072303
2008-10-19,-36.85083,-24.990347,4.345186,-5.7086186,-48.955032,30.543863,9.836599,-29.242601,-109.2799,-40.37401,3.4253008,-10.984418
2008-10-20,-44.50244,-23.19993,3.990697,-5.4988923,-54.112274,29.51027,10.881447,-45.88293,-108.22784,-39.024284,3.418924,-10.980753
2008-10-21,-49.542107,-28.537289,6.9176617,-2.4402494,-58.077362,27.702423,10.062596,-55.731308,-98.89338,-46.397537,2.9754305,-10.493816
2008-10-22,-40.446556,-27.07227,6.420923,-6.3126583,-59.736862,3.235846,10.1152725,-68.18991,-104.06549,-39.1793,2.8807156,-9.0329895
2008-10-23,-47.72432,-26.813232,3.86422,4.1354127,-89.150764,-11.449786,9.855511,-74.322105,-122.49615,-41.82513,2.8655608,-8.625605
2008-10-24,-41.963314,-28.611422,1.9600152,-5.160087,-85.613754,-16.145378,1.4301924,-74.79587,-129.38416,-45.171886,3.0394855,-9.115742
2008-10-25,-37.806522,-31.085058,2.0162606,-4.242478,-75.41278,-19.5971,1.2875556,-77.46177,-130.10104,-6.8033595,2.4264286,-9.2700405
2008-10-26,-38.27371,-31.616741,3.5282986,-3.786573,-75.98336,-18.384735,-0.058876406,-74.58914,-131.54138,-0.21175861,2.5808609,-8.872227
2008-10-27,-35.450375,-30.457888,3.446148,-5.2442265,-76.0691,-15.879165,3.2136164,-69.495415,-83.479126,-53.348705,2.5770967,-8.768134
2008-10-28,-37.890884,-29.43812,3.8432379,3.3385415,-78.43182,-14.402218,4.239563,-66.35057,-83.88553,-52.816822,2.4719212,-8.63654
2008-10-29,-39.58623,-35.636795,3.3226547,-5.298977,-66.07207,-13.882037,3.2967467,-62.300453,-83.72094,2.9690607,2.0903926,-8.528685
2008-10-30,-38.892143,-26.711128,3.2262619,-5.1475987,-65.68193,-15.070071,3.61838,-68.56767,-84.47274,2.131957,1.874173,-8.743162
2008-10-31,-36.859097,-24.263073,3.431753,-5.6053557,-76.303314,-14.4671335,-0.072147354,-72.19228,-90.56405,-44.30721,2.0066304,-8.805653
2008-11-01,-37.38693,-25.381634,3.57804,-5.8903484,-76.40529,-12.657833,-5.7352805,-69.86736,-85.18685,-54.0552,-2.0988572,-8.086154
2008-11-02,-26.429878,-20.790815,3.5391586,-5.0998373,-75.07114,-12.131093,-4.1813664,-67.29535,-82.063515,-51.212414,-1.8452865,-8.089721
2008-11-03,-22.119757,-21.395874,3.9982655,-3.0825405,-75.0153,-12.07843,-3.672666,-65.17799,-79.62101,-51.91071,-1.7925055,-8.251378
2008-11-04,-22.914032,-17.095778,3.4298844,-2.79885,-76.39713,-13.492297,-2.726529,-61.950157,-61.777325,-61.74218,-1.6215816,-8.477901
2009-01-17,14.2852335,4.8101535,2.4537094,0.64250904,-41.341557,-7.551966,-14.952192,-49.38399,19.496824,-65.740425,-2.498513,-6.5962877
2009-01-18,12.058151,3.8678856,2.2523422,-2.414476,-33.68642,-5.111114,-14.231239,-48.821926,15.340357,3.1071675,-3.171296,-6.630662
2009-01-19,11.858929,3.8087547,2.3149374,-0.01288967,-34.25828,-5.4801693,-14.51435,-49.788662,15.176135,3.002005,-2.9248817,-6.6227527
2009-01-20,12.019767,3.8244598,2.2613142,-0.8431392,-34.078705,-5.4596086,-14.490179,-49.475204,15.362704,2.992909,-2.9248817,-6.630662
2009-01-21,12.055916,3.8244598,2.2613142,-1.0924077,-34.10633,-5.4596086,-14.490179,-49.225777,15.354022,2.992909,-2.9248817,-6.630662
2009-01-22,12.055916,3.8244598,2.2613142,-1.0924077,-34.10633,-5.4596086,-14.490179,-49.225777,15.354022,2.992909,-2.9248817,-6.630662
2009-01-23,11.583113,4.0486913,2.2613142,-0.5806686,-34.252968,-5.6945143,-14.488033,-48.760094,15.358186,2.5165682,-2.8093402,-6.623484
2009-01-24,12.179091,3.866879,2.2523422,-1.951448,-33.648438,-5.7388697,-14.216176,-48.830177,15.340357,3.1071675,-3.171296,-6.630662
2009-03-16,11.981665,3.9841166,2.2390237,-0.3067345,-34.66453,-5.250166,-14.504848,-49.89508,15.076813,2.8546512,-2.9248817,-5.6432447
2009-03-17,12.145174,3.8482516,1.5173918,-2.0208297,-33.414623,-4.8170004,-14.208339,-49.074875,15.017869,3.116081,-3.171296,-5.649395
2009-03-18,11.467832,3.831684,0.1415087,-2.1113641,-33.464733,-4.922692,-14.184199,-46.67271,15.718245,1.9770579,-3.0022933,-5.63786
2009-05-04,4.5454164,3.5277035,-12.833927,-3.6590478,-3.1775856,-8.764348,-15.602785,-49.424488,11.560349,-1.6272578,-5.942222,6.0868955
2009-05-05,3.0146258,3.3967888,0.4770018,0.36689427,15.7046795,-5.547499,-26.014711,-58.831238,9.525748,-1.5035499,-7.482835,6.590382
2009-05-06,2.463772,3.7962863,1.6995761,-0.34572574,22.153624,-4.985078,-33.104424,-62.837204,10.102726,-0.581591,-7.733754,6.2446103
2009-05-07,3.2121248,3.8709795,3.2556381,-3.5906112,21.663301,-4.8265014,-32.217793,-64.28025,9.915997,-1.122965,-8.110476,6.26815
2009-05-08,2.623155,3.8861926,3.2109308,-3.5698678,21.199833,-5.000066,-32.223038,-63.130657,10.020504,-1.1274912,-8.110476,6.2585626
2009-05-09,3.6715672,3.7966354,3.4118335,1.9548384,2.987501,-7.4146595,-18.962763,-57.24627,10.405992,-0.007882073,-7.6518373,6.5369816
2009-05-10,4.2237587,3.8440826,3.627377,-1.9936496,-7.3861456,-6.8254633,-17.337002,-55.862114,10.462858,0.88633233,-6.7397146,5.8722115
2009-05-11,8.994903,3.5398526,2.4802942,-2.0997822,-33.230118,-5.2218137,-15.935425,-52.5745,11.759594,2.4966986,-4.074084,5.5659847
2009-05-12,9.827216,3.4736161,3.0452125,-2.101177,-35.250683,-5.011086,-16.064175,-53.738026,12.862017,-0.44703087,-3.9246292,6.861726
2009-06-02,10.019067,3.4736161,2.9944036,-2.0887978,-34.376686,-6.0239744,-16.170368,-53.69942,13.48251,-0.2351016,-3.6930375,5.892375
2009-06-03,10.039355,3.3937454,3.2589695,-2.1048412,-34.079475,-5.988608,-16.006168,-53.578617,13.434025,2.7525845,-3.6930375,5.8604884
2009-06-04,9.356981,3.4758494,2.65724,-1.1213984,-33.050415,-6.290306,-16.30328,-53.08548,12.620925,2.5915809,-3.4466233,5.8833413
2009-06-05,10.155653,3.725233,-10.553281,-2.130177,-28.781796,-7.6711154,-14.941761,-45.91305,12.234994,1.3030616,-3.592766,5.40396
2009-06-22,2.3826952,4.0862823,3.2811975,0.7245936,22.53481,-5.238619,-34.321007,-58.77443,9.617426,-1.1533375,-8.22533,6.1973047
2009-06-23,3.8625457,3.940521,3.6895206,-4.196647,13.586218,-4.9151087,-25.272635,-63.521843,9.270042,-1.2479546,-8.375058,6.6868014
2009-06-24,3.2815125,3.6165235,3.6983984,-0.36152956,23.192657,-5.4079328,-32.006527,-62.87885,9.812114,-1.3692836,-8.22533,6.2161736
2009-06-25,8.072246,3.8118834,2.0022264,-2.711752,-19.34554,-5.9712696,-15.364142,-52.59946,9.673183,0.58554804,-6.3217206,5.898155
2009-06-26,4.3779635,3.5788674,-7.999809,1.4774216,0.61556387,-7.289313,-18.422335,-51.725445,11.489329,-0.8994029,-7.242007,6.3975873
2009-06-27,7.2976303,4.0059166,2.9107296,1.2741537,-20.126966,-5.950975,-17.185656,-53.45718,9.81055,0.91761005,-6.280306,5.8648133
2009-06-28,8.735627,4.0255165,0.9197459,1.243284,-32.54691,-5.2917676,-17.486853,-50.67752,11.416892,2.2857547,-4.174169,5.4129777
2009-06-29,9.031813,3.4552622,0.42043048,-2.6870408,-31.724554,-4.7369905,-15.88639,-49.21602,12.092319,0.9969471,-4.394501,5.376002
2009-06-30,8.471858,3.5721655,0.45544726,-2.1079013,-30.322948,-4.350484,-15.862744,-50.385155,11.306303,1.2332023,-4.394501,5.2332497
2009-07-01,10.248733,3.8250804,2.9647174,-3.795363,-25.41063,18.547377,-33.119408,-52.785492,10.227249,0.777227,-9.239315,7.3224525
2009-07-02,10.401469,3.5589662,2.3094382,-3.827951,-24.149353,18.30361,-32.16296,-52.378826,10.277933,0.18529527,-9.624381,7.304465
2009-07-03,8.10225,3.7139711,-8.824934,-2.7954805,-12.106405,21.19767,-32.8273,-49.587116,10.278854,0.105307214,-9.649229,7.5521626
2009-07-04,9.136294,4.144449,3.7102277,1.5426186,-21.160866,21.780514,-34.235916,-52.32744,8.923293,0.0384404,-7.548294,7.7599735
2009-07-05,4.134778,3.5739028,3.3160894,-2.6800525,-25.648478,-4.460243,-15.44198,-51.86116,10.687978,-0.074094884,-6.1833663,5.3142643
2009-07-06,3.101267,3.6992002,0.8144738,-4.3638077,-26.069122,12.173972,-26.679136,-51.89317,10.521889,0.89706534,-6.8530307,6.5924315
2009-07-07,4.517628,3.4728312,2.447933,-1.3717535,-30.32288,-4.8235903,-16.608297,-53.21381,10.407429,-1.4846183,-4.2748027,5.6992493
2009-07-08,5.140139,3.6412663,2.5549002,-0.54100823,-32.705997,-4.7191486,-16.161583,-53.844566,10.499077,-1.327001,-4.145495,5.679205
2009-07-09,4.972793,3.0005422,-7.9686007,0.5778678,-12.637484,11.439685,-27.548824,-50.73826,10.2852545,0.12658094,-6.9896817,7.1019845
2009-07-10,7.061774,3.883144,-7.661844,1.2127855,-21.62966,17.368528,-33.02743,-45.096638,9.658063,0.3377358,-6.7323117,7.609323
2009-07-11,3.530784,3.3638983,2.8977852,-1.3775533,-17.376085,11.959453,-27.749893,-48.23825,8.891014,-0.58749455,-7.758053,7.195806
2009-07-12,1.0827363,3.9989748,-0.7591665,1.700189,1.8348562,-5.834232,-17.41731,-51.35415,10.712009,-0.30633277,-8.242091,6.3049684
2009-07-13,1.9157346,4.2826586,-2.6313856,-2.965537,10.8014345,23.718376,-40.83234,-48.726215,9.286344,-1.7577641,-11.5210905,8.152276
2009-07-14,2.0460753,4.556394,3.6991253,0.7945129,14.744235,22.879942,-43.068043,-58.732006,8.900447,-0.7838112,-9.647258,8.551045
2009-07-15,1.9976214,3.7879763,3.981583,-1.2741162,1.8654865,-5.62611,-15.852877,-55.506752,10.455482,-0.21480422,-8.295552,6.520221
2009-07-16,4.880217,3.7009673,2.7503653,-2.3788161,-25.869547,-4.6086755,-14.870823,-51.69599,10.892756,0.30668047,-6.1019983,5.3083873
2009-07-17,3.624202,3.0117626,0.3818543,-0.5208151,-31.613894,-5.303722,-15.265031,-46.020416,10.15155,0.6838665,-4.3548446,5.29628
2009-07-18,3.6431396,3.9480548,2.5767748,1.4186537,-32.103752,-4.833888,-16.432142,-52.43203,9.907111,1.6488365,-4.6006947,5.3791065
2009-07-19,5.6975393,3.9281723,3.0598218,1.5592575,-34.534775,-4.825136,-16.348846,-53.280388,10.593858,-0.19919066,-4.471387,5.472569
2009-07-20,7.363662,3.7069416,-12.711524,-2.1554315,-26.725477,-6.769769,-13.560485,-39.63053,12.405776,1.3334762,-5.265064,4.997926
2009-07-21,5.8283067,4.2317386,1.4841585,1.8377054,-26.57723,-4.4962025,-16.216541,-42.92535,10.63529,1.315621,-5.546756,5.3988066
2009-07-22,7.7684283,4.125346,3.1102629,-2.106004,-25.907028,-5.578575,-15.016177,-48.975113,10.823849,0.4103105,-5.081787,5.457802
2009-07-23,1.6607147,3.8172238,-2.1570263,-2.1952906,-6.992677,-6.036858,-16.183653,-47.288227,10.803147,-0.35544202,-7.020159,6.148178
2009-07-24,0.50624645,3.0338478,-7.259544,-1.9557191,-1.4675921,-6.257476,-15.553506,-40.166077,11.836846,-0.9725824,-7.3070564,6.122932
2009-07-25,-0.41054899,3.4145932,3.277218,-4.4521084,0.51430583,-5.6919217,-14.975606,-49.40394,10.498339,-0.77575284,-8.671273,6.4790916
2009-07-26,-1.5301809,3.2159593,4.101931,1.0123695,16.459427,-4.83135,-22.052267,-57.42572,9.504265,-1.6275154,-8.361463,6.6238637
2009-07-27,2.348086,4.2176085,-16.360437,1.080345,-2.1373076,17.967073,-29.974422,-18.58422,9.674304,-1.0982994,-9.502362,8.065557
2009-07-28,6.7409105,2.303986,-0.10764309,0.12202492,8.986747,22.271322,-34.83538,-21.432821,8.081259,-0.23727655,-10.246393,8.313652
2009-07-29,-2.29491,1.8298918,2.0493193,1.2732515,22.648218,22.627075,-42.315693,-24.51173,10.07363,-0.24624133,-10.306918,7.8161497
2009-07-30,-17.75362,2.0100577,-27.012238,-5.139737,62.3684,23.117714,-59.181263,1.6748613,-8.941941,0.83342606,-10.892219,8.397388
2009-07-31,-12.234074,3.7190194,-18.518019,-0.67175925,70.10157,14.859907,-56.168354,59.132618,-6.4973245,-0.06544143,-5.9440637,10.396812
2009-08-01,-14.912473,4.57864,12.21853,-3.4371252,66.24734,16.470764,-61.905655,59.09001,-8.197106,0.36337894,5.9065833,12.230204
2009-08-02,-38.76997,3.349867,2.431373,-0.6175878,97.464134,25.96368,-63.206295,27.07281,-4.455755,-0.030632474,6.920389,10.311559
2009-08-03,35.239265,1.1311969,-1.0669042,-1.6311489,82.553154,24.28709,-63.084927,22.626068,-4.734055,-0.93138653,6.3881207,11.032126
2009-08-04,57.97428,3.2305782,11.048847,-2.188682,99.93743,21.45641,-57.62041,29.961082,-6.82791,-0.7539549,6.646191,12.0337105
2009-08-05,74.14207,-1.6376162,-34.03782,0.10684167,134.01326,6.9285364,-48.29147,72.00976,4.7890773,-1.9963039,2.0498822,13.173351
2009-08-06,71.809746,2.0247412,-1.9050306,-3.6055744,81.60834,9.423697,-50.013977,81.62377,8.849536,-2.7647674,3.8410149,14.554877
2009-08-07,45.96828,5.1050067,10.205835,-0.80253595,-6.819767,13.625763,-32.270878,75.37108,15.20411,-2.333416,5.956017,12.6961775
2009-08-08,50.732594,5.4681478,-12.762425,-0.4292964,27.795092,9.956759,-12.723616,62.720512,25.338999,-2.1448627,7.146151,12.948627
2009-08-09,51.325394,3.5475953,-0.035268918,-6.55707,30.671957,15.1700535,-15.810244,61.91887,21.513401,-0.5520906,7.939034,13.09214
2009-08-10,38.86204,5.7424903,9.843489,1.3627967,-0.9072852,24.065659,-19.815609,76.11775,18.983168,6.385457,8.537119,12.136183
2009-08-11,35.81019,2.7940664,-0.4786562,1.0504392,36.931614,19.078611,-21.359142,69.75565,24.662106,-2.267808,8.32233,12.935092
2009-08-12,38.222122,2.5461671,-3.709377,0.60300255,-11.61449,24.561615,-20.465055,80.92355,16.130684,17.782322,6.528753,11.717635
2009-08-13,34.146687,-1.946738,-12.125404,7.52464,25.12847,27.083872,-1.544292,110.62277,12.245032,78.73643,5.5491433,13.461557
2009-08-14,34.992825,-15.593813,-10.754321,-0.08165096,85.98258,17.452066,4.0467963,86.05989,16.276768,8.59385,5.1214576,14.124415
2009-08-15,30.52506,-27.872368,1.5890279,2.2162843,26.764282,19.149834,2.7592297,91.08041,20.601,5.0365963,6.1859202,12.739701
2009-08-16,27.37485,-28.321316,10.681488,2.2710984,-0.7456215,23.094656,6.315983,75.25465,18.600239,8.946467,5.694716,11.916949
2009-08-17,34.512005,-22.93006,-12.751223,1.2430272,94.49859,17.189053,8.119356,81.91716,8.351293,4.8044333,3.078015,13.073525
2009-08-18,35.936935,-17.644787,9.994935,1.4908834,98.7259,20.148478,12.559865,79.76523,14.212227,19.488558,3.700889,11.934386
2009-08-19,9.778988,-12.497214,7.645506,8.615415,23.382362,20.708399,6.848684,93.715706,1.0087938,74.3985,3.6367486,11.91583
2009-08-20,5.727073,-13.293915,-2.3877165,1.2509432,-12.497404,20.209953,4.3275967,98.107574,-5.1873245,12.382146,3.139409,11.538691
2009-08-21,-10.597744,-27.35554,6.9147696,1.552784,-43.621433,17.411623,8.6748295,72.26299,-20.132143,0.6700459,3.4852092,7.089146
2009-08-22,-13.598602,-35.327904,6.872643,2.699844,-53.411274,13.075793,7.843904,55.312527,-27.702417,6.4231944,3.034693,8.022019
2009-08-23,-8.061368,-35.89763,-1.2044128,1.8706546,-42.942974,25.37689,8.559971,47.141933,-17.681475,-43.397675,3.209521,8.579816
2009-08-24,3.1852229,-10.166878,-22.7078,-0.870432,-39.99157,19.436522,6.193614,79.82538,-14.922095,-33.69654,2.6804066,12.120696
2009-08-25,1.2412759,-15.102898,-0.36044234,1.4980247,-38.3055,22.806114,4.0765405,92.688156,-25.406525,0.09570934,2.6218286,10.710946
2009-08-26,-2.6914856,-17.009474,7.9881,-1.1419591,-39.221836,26.731209,10.689567,66.35749,-32.62359,0.8253504,4.2938366,9.615352
2009-08-27,-5.760418,-25.661226,-0.033283487,2.5328372,-38.248943,33.63693,9.089239,43.01883,-33.14949,7.622598,2.8423648,6.760965
2009-08-28,7.759745,-22.893684,-32.25217,-10.814614,96.7714,12.496329,1.0264755,93.8679,-10.647443,0.22782612,3.3044844,11.903003
2009-08-29,9.6511345,-35.090767,8.872806,-5.2506266,116.936714,37.968426,3.4215252,80.11249,-7.367436,-18.801304,3.732638,12.7670555
2009-08-30,4.4740434,-37.17596,10.871426,1.5213499,49.70567,55.370636,2.3268073,81.421715,-4.319685,-0.29704812,4.816458,8.972
2009-08-31,14.310079,-16.511005,-28.031004,3.0378945,108.88817,36.6857,23.403532,104.94726,-6.479181,-0.2403095,2.3090012,13.075911
2009-09-01,22.85612,-19.159819,3.6306741,3.5117912,122.14641,39.25173,35.23334,109.028984,-17.718775,-27.040268,4.1808386,1.4009995
2009-09-02,27.333324,-13.069295,6.4737835,1.7001257,125.610275,65.37902,24.137918,90.060974,-36.28722,-23.35401,5.744656,2.1451073
2009-09-03,20.74697,-18.509235,8.858453,1.6923006,49.73073,46.02538,8.57566,86.902504,-33.896484,-6.8692846,7.410981,0.8835369
2009-09-04,4.5660257,-15.2570095,0.74806684,-10.881717,-44.770542,47.554245,7.5303626,54.093906,-45.375595,-50.7021,6.223569,1.8902347
2009-09-05,17.743612,-11.288109,-22.267607,-1.3250123,-2.4770586,47.97379,2.819259,85.53285,-9.824556,-46.139565,6.532731,1.728719
2009-09-06,32.249557,-13.340113,-1.9197173,-0.856105,39.090706,55.564533,8.248274,95.46098,-0.68101895,-1.3396116,9.501979,1.0962394
2009-09-07,3.138933,-13.560504,7.750825,2.9584653,-41.24028,41.629463,11.647983,76.08085,-28.51386,6.4458914,5.8163137,1.2372136
2009-09-08,16.748539,-30.900042,-20.39572,-10.3848095,-25.794147,55.73029,3.7627687,79.38046,-13.353658,0.2190305,6.557272,0.5951474
2009-09-09,3.6170852,-35.21214,8.424021,0.1099423,-14.755423,39.900677,10.01825,62.7767,-11.188657,0.3153399,8.12964,0.4529904
2009-09-10,1.0599791,-41.375225,6.9931192,-2.0672927,-4.807152,40.686966,10.867595,34.523605,-14.454101,46.62707,7.697185,-1.4744265
2009-09-11,-10.431862,-56.45929,6.576812,-8.422927,-24.591822,44.757153,9.031725,25.579578,-25.390274,32.62091,4.013376,-1.532624
2009-09-12,-12.365967,-50.019306,5.088873,3.5426052,-40.913944,40.666977,12.068836,41.482727,-31.680016,2.4507291,5.4666553,-1.5988519
2009-09-13,-29.642935,-41.522293,5.5194817,4.194618,-63.469406,-9.329627,9.683572,27.70758,-59.03652,10.998135,4.0355,-0.024439499
2009-09-14,-19.126642,-41.133152,-20.407804,1.8034933,-45.477192,39.534756,11.520323,21.374798,-38.795372,34.97028,4.0334687,-0.80611926
2009-09-15,-51.65493,-40.612347,5.321201,-1.0937581,-61.02175,29.1552,3.5511367,21.631687,-43.507343,3.7218244,3.564466,-3.0087373
2009-09-16,-46.309685,-36.368553,-2.3309608,2.5523436,-55.50761,7.016932,8.632795,14.271309,-58.09379,-39.38852,4.3900127,0.1290676
2009-09-17,-37.31397,-35.900593,-0.9300277,-5.160256,-36.738197,5.385112,8.744462,6.0167856,-75.4691,-53.596863,3.922232,-0.18869168
2009-09-18,-28.977367,-37.396328,6.6234565,-3.3624005,-35.7297,5.0973163,7.9160357,23.419516,-65.705956,1.4078032,3.971001,-1.1154181
2009-09-19,-49.257538,-40.151825,4.757556,1.4473766,-33.284313,5.9266815,-6.2556505,-16.688679,-64.893,4.0144324,3.963112,-1.1758007
2009-09-20,-44.464104,-36.837105,0.831585,1.4854561,-39.218193,4.2223434,-6.7102914,-35.290955,-129.48227,-1.7249001,3.759339,-3.4432378
2009-09-21,-39.837933,-37.26344,6.3153524,1.9608662,-52.934826,-0.33946759,-7.870418,-49.793938,-122.19462,1.4700817,3.3169796,-3.226591
2009-09-22,-42.68493,-42.06834,-9.674602,3.0026748,-45.193455,21.917236,-3.5229638,-43.63915,-115.18316,-1.2072207,2.8421116,-3.8060737
2009-09-23,-47.687477,-36.426792,6.3991246,-3.6335065,-56.140114,-9.7900095,-0.8263598,-47.200485,-123.44651,-40.6665,1.8420587,-1.8121079
2009-09-24,-40.536335,-39.283512,-1.5602585,-4.896231,-59.906925,-12.393489,-3.8421543,-47.132515,-129.90982,-42.53735,1.9709332,-1.868515
2009-09-25,-35.300316,-33.46141,2.19184,-2.4731395,-55.1729,-7.561059,1.2399987,-54.797775,-93.35595,-48.979477,2.4154487,-1.0873603
2009-09-26,-33.516605,-34.771416,3.4554062,-2.4901903,-57.01885,-7.6674776,2.2591841,-59.391186,-83.67081,-48.47081,2.6282,-0.77005476
2009-09-27,-24.486094,-34.723324,3.1941278,2.2697413,-58.36017,-6.3077,-1.7609091,-57.384216,-78.11933,-35.28666,3.95867,0.24863362
2009-09-28,-35.303673,-36.888763,0.15642881,0.47789264,-50.414925,-8.804849,-1.7557039,-58.80676,-79.543,2.7924845,3.9790165,-1.4920137
2009-09-29,-24.18342,-34.820435,5.110837,-4.6469836,-59.65918,-7.4940553,-1.566891,-59.708138,-77.80363,-33.913895,3.719358,0.7147635
2009-09-30,-27.641918,-37.61472,1.9573635,3.4809806,-52.29754,-6.79295,-1.8191617,-60.87497,-72.340416,0.61153024,3.9785197,-0.90895003
2009-10-01,-28.180275,-33.083473,5.0158534,-2.3081253,-62.807552,-8.138945,-3.2329323,-59.03902,-74.36872,-40.5319,2.454911,-8.533548
2009-10-02,-25.240059,-33.43926,3.5012462,2.4964812,-75.259995,-7.823571,-4.21713,-59.79633,-76.70036,-52.483925,2.6672668,-8.388117
2009-10-03,-20.368286,-26.56734,0.37850827,-2.8375127,-67.93644,-11.537856,-0.85083973,-62.76337,-59.70864,-51.00399,2.6744316,-9.570677
2009-10-04,-5.0166636,-21.416388,-0.86656004,1.786121,-59.68779,-10.645541,1.6464703,-58.63022,-57.651962,-47.21018,4.8346972,-9.173413
2009-10-05,7.3736115,-22.608063,1.9916394,-3.924807,-60.982056,-11.515405,0.8621247,-57.781467,-50.463123,-41.783943,4.9763603,-9.5119
2009-10-06,8.346681,-19.841455,4.498025,-3.9466364,-59.71968,-13.930777,1.6022083,-58.367447,-47.54227,-31.704344,4.724106,-9.688254
2009-10-07,9.468044,-15.480863,0.39575568,0.1687496,-59.126987,-9.447498,0.7575412,-53.440456,-40.128128,-55.263866,4.6203203,-10.642954
2010-03-10,14.201291,5.3064914,2.900724,0.27962613,-41.693787,-6.8715725,-14.705252,-50.26585,19.562681,-66.34043,-2.8156073,-5.919088
2010-03-11,12.135174,3.5652177,2.1999288,-2.0208297,-33.872433,-4.922427,-14.211016,-48.79632,14.994544,3.1079361,-3.2419758,-5.649395
2010-03-23,12.188395,3.8044233,2.2089007,-1.3955066,-33.803383,-5.4472365,-14.470479,-48.945698,15.094036,2.7016726,-2.9955616,-5.651154
2010-03-24,12.241101,3.8446686,2.1999288,-2.4886842,-33.732765,-4.889942,-14.211539,-49.091644,15.124398,3.1153324,-3.171296,-5.651154
2010-03-26,11.729318,3.9729486,2.2390237,0.17505494,-34.61089,-5.2482557,-14.532532,-49.882378,14.987078,3.027169,-2.9248817,-5.6432447
2010-03-27,12.133132,3.8513405,2.1999288,-2.0208297,-33.93547,-4.9482493,-14.21134,-49.09134,15.023984,3.1079361,-3.171296,-5.649395
2010-03-28,11.977875,3.8925493,2.1606495,-2.0498805,-33.92079,-5.389989,-14.209433,-47.875584,15.012286,2.3958673,-3.055755,-5.649395
2010-05-05,3.5476131,3.191663,-3.2957444,-0.5684454,1.6782075,-7.0293193,-17.462006,-51.984356,11.065235,-0.60882676,-6.693858,6.402232
2010-05-06,-9.645897,3.2642038,-4.459467,-3.1321893,55.41496,-3.1836507,-46.733807,-63.997536,10.83986,0.0816682,-6.0424814,6.0846424
2010-05-07,-12.716052,3.7797234,1.8714482,1.4782298,68.21484,-5.987367,-49.08675,-65.70636,-5.296925,0.302277,-4.4419937,7.0155334
2010-05-08,-10.842829,3.2658377,4.0760465,-3.8357508,67.06063,-6.084205,-47.17662,-65.22071,-6.8053737,-0.90644425,-4.6130075,7.255635
2010-05-09,-11.070741,4.0781164,-2.5405502,-4.0565243,66.00815,-4.681971,-47.07951,-65.63216,-4.7806377,-0.5296338,-4.291925,6.550686
2010-05-10,3.8262463,3.7173839,3.0238695,-2.182199,-4.479077,-7.4690824,-17.423754,-55.505905,9.978893,-0.2302186,-6.676317,6.3243446
2010-05-11,5.1755233,3.5334845,2.6867955,-2.177131,-15.658599,-6.5753293,-17.590155,-52.04283,9.848237,-0.4190977,-6.6632586,5.8589826
2010-05-12,5.6201477,3.6800442,1.8107495,-2.3771896,-24.925955,-4.2988935,-15.949625,-53.004917,11.395465,1.2323974,-5.7731495,5.34481
2010-05-13,8.607308,3.508994,0.41975334,-2.1115048,-31.81757,-4.147565,-16.15185,-51.943626,12.234331,2.0433326,-4.486131,5.347272
2010-05-14,8.601556,3.5104213,3.031992,-2.1052275,-32.641037,-4.1815333,-16.236706,-53.91252,12.262769,2.2921946,-4.6294994,5.510341
2010-05-15,8.850881,3.5420623,2.4735694,-2.100773,-32.529877,-4.6212597,-16.128725,-52.895817,11.282885,2.316921,-4.6294994,5.4186993
2010-05-16,9.880664,3.4313607,1.872535,-2.1462717,-34.482445,-5.6657963,-15.838766,-51.714344,12.50252,2.103257,-3.816671,5.575572
2010-05-17,9.131466,3.2594376,2.6214666,-0.27890065,-35.070606,-6.0537777,-16.349392,-52.748142,12.691887,1.3726829,-3.6224,5.587968
2010-05-18,6.2036448,3.2046943,2.3712099,-2.2930858,-35.351902,-5.8695498,-15.903557,-50.896046,12.358472,1.3482242,-3.9601586,5.575572
2010-05-19,6.360901,3.2877505,2.9525478,-2.2337413,-35.67817,-5.6620617,-15.761638,-52.492226,12.969546,1.3770518,-3.908015,5.575572
2010-05-20,4.933581,2.841776,-2.0676444,-2.7219484,-34.181496,-5.2494793,-15.829614,-49.482647,13.205702,1.5478833,-3.8395889,5.4316945
2010-05-21,3.9595866,2.644115,0.9537335,-1.5120718,-35.32661,-5.431978,-15.8996105,-52.866035,12.883776,2.3480184,-3.7761407,5.572077
2010-05-22,4.92604,2.7623982,3.0123289,-2.192627,-35.308094,-4.978844,-15.819607,-54.460785,12.771302,2.3014984,-4.152864,5.575572
2010-05-23,4.4593515,2.8307586,-1.4816723,-2.1767418,-32.216835,-4.8531566,-15.717799,-51.66878,11.61223,2.4198556,-4.2412734,5.327391
2010-05-24,4.1804495,3.0923266,2.5134122,-2.0894558,-33.070827,-4.945208,-15.816134,-53.575077,10.074512,2.0634422,-4.327522,5.48147
2010-05-25,5.190099,3.4055047,0.49427807,-2.0611355,-29.829853,-4.712161,-15.943951,-52.10675,9.781677,-1.0848038,-4.067905,5.3316174
2010-05-26,4.675447,3.1002946,1.883564,0.075056896,-25.021923,-5.1655407,-16.337349,-52.278122,11.724404,-10.953478,-5.129925,9.618622
2010-05-31,8.500874,3.92567,1.7823435,0.8306529,-34.811634,-5.7814775,-18.083921,-52.030605,11.772575,-7.6586294,-3.5248427,9.759698
2010-06-01,9.303591,3.5606446,1.2730639,-2.5602965,-33.731472,-4.7672086,-16.001587,-52.048454,12.522757,-0.047158346,-3.77884,5.6039634
2010-06-15,8.838346,3.8078418,1.8454897,-2.871366,-24.624517,-4.858811,-15.9688,-52.2203,11.576239,-0.3681628,-5.217014,5.753969
2010-06-16,9.2713995,3.8599935,2.519705,0.37994742,-34.272255,-6.1399593,-17.748325,-52.74555,13.448443,2.5186255,-3.5963387,5.863297
2010-06-17,9.294688,3.4001696,2.4660563,-0.5254449,-34.418358,-6.0631332,-16.26546,-52.3125,13.491923,2.1228943,-3.4807978,5.5783806
2010-06-18,10.235539,3.3932407,2.381307,-2.1048412,-34.213627,-5.749526,-15.946508,-52.41077,13.066763,2.6191163,-3.842753,5.8604884
2010-06-21,9.830472,3.4051976,2.488101,-2.087324,-34.154205,-5.617483,-16.132025,-52.795956,13.488066,2.6148965,-3.842753,5.850901
2010-06-22,10.294616,3.3883293,2.3740327,-2.4642887,-34.07009,-6.0622935,-15.943503,-52.442345,13.228718,2.7853546,-3.6930375,5.8929286
2010-06-23,9.412211,3.840182,2.4928386,1.2300658,-34.791668,-6.9209437,-17.686049,-51.553238,13.468694,1.9033101,-3.383226,5.863297
2010-06-24,9.1870165,3.9079835,2.9692738,1.7720709,-34.846046,-6.903363,-17.686958,-52.44497,13.112097,1.6677725,-3.420541,5.8655396
2010-06-25,9.672303,2.8221474,0.48675346,-2.6361454,-34.44499,-5.766308,-16.07098,-51.821888,13.935609,-0.3038133,-3.6521876,5.8438005
2010-07-03,8.77081,3.797911,2.4741323,-0.53187543,-29.611,-6.3355966,-16.368652,-53.41319,11.251914,-1.2358061,-3.5884943,5.760273
2010-07-04,8.594165,3.259838,2.3821404,-0.08066295,-29.236952,-6.412148,-16.243704,-51.37662,10.703181,1.5514586,-3.5884943,5.719105
2010-07-05,8.375391,3.985646,2.8637395,1.3026085,-24.376392,-6.1426926,-17.582607,-52.772972,11.37832,1.3276762,-4.9742556,5.7283864
2010-07-06,9.43245,3.4872963,3.3590987,-2.2373264,-31.524374,-6.427343,-16.02898,-51.77754,11.494858,1.3057392,-3.7193675,5.775974
2010-07-24,9.017602,3.5117757,2.4058063,-2.1769485,-30.1858,-6.245434,-15.896524,-50.455254,11.12908,0.55026865,-3.9320781,5.4635143
2010-07-25,7.8125386,3.4960155,2.9547293,-2.0410097,-32.259205,-6.0491834,-16.340517,-51.892982,11.736522,1.0926534,-3.7620633,5.5234976
2010-07-26,4.2045054,3.4353187,-12.581789,-0.4536114,0.32281506,-8.859622,-16.031898,-51.339664,11.839964,0.044423334,-6.9155345,6.3714566
2010-07-27,2.920268,3.9912336,-8.310005,1.3581291,21.266903,-4.534651,-31.823679,-54.892387,11.119575,-0.9080284,-7.46287,6.1562223
2010-07-28,3.1653259,3.8934443,3.2861521,-1.6757259,23.777779,-4.440085,-30.97172,-63.104435,9.939384,-0.5656225,-8.35465,6.2395415
2010-07-29,2.6729152,4.198813,0.90828115,-0.17105192,23.607742,-4.1325145,-29.547161,-59.065636,10.483803,-0.72027284,-8.301188,6.14807
2010-07-30,3.5782669,3.1590972,3.8163087,-0.46333694,1.3587786,-6.515952,-15.592506,-55.554985,10.570036,-0.74163145,-7.662689,6.5727987
2010-07-31,4.295485,3.5361202,3.122982,-0.18420699,2.2118218,-6.4924035,-15.856887,-58.03895,10.769164,-0.40682328,-7.5732303,6.5549617
2010-08-01,4.4426384,4.768324,1.3945748,-3.135845,26.7828,-7.290871,-31.398138,-61.47189,12.059514,-0.7476996,8.239096,6.982618
2010-08-02,8.607465,4.5816064,3.0047233,-0.910658,-24.860044,-7.1170435,-16.870274,-52.29096,12.771014,1.2369105,6.110133,6.2012396
2010-08-03,9.214607,4.807346,2.524567,1.3441584,-33.61116,-7.4643674,-18.57475,-51.606182,12.360629,2.0521743,5.4125156,6.2635765
2010-08-04,9.412094,4.9138856,3.0645247,1.181696,-33.814476,-7.367224,-18.548677,-52.839153,12.318453,2.2089143,5.4125156,6.2674117
2010-08-05,9.482839,4.3783126,0.46636587,-2.068877,-33.349842,-8.37339,-16.477467,-50.02606,13.3439665,1.8058692,5.8968306,6.2490807
2010-08-06,9.511257,3.82296,0.82595736,-1.7005208,-33.17157,-9.125914,-16.371645,-50.175114,13.142216,1.5063592,6.0036316,6.245332
2010-08-07,6.661392,5.1886935,-18.00733,0.9073045,19.574955,-5.753014,-33.235146,-34.799152,12.310587,-0.09468959,9.222993,6.3795023
2010-08-08,-11.8842125,5.4528785,-6.5242457,2.141371,51.828148,-1.9807408,-44.71346,-33.192673,9.613854,-0.33635432,8.938531,7.474325
2010-08-09,-7.1822605,2.5706663,4.457246,-3.0393898,49.627483,-2.9427953,-42.223305,-24.995173,8.77416,0.5689484,9.719023,7.5070243
2010-08-10,-5.546491,2.492347,-14.766292,0.59949553,66.660126,-5.321852,-53.99614,0.5282827,-4.571379,1.0756078,7.3490806,7.796671
2010-08-11,-15.458866,2.5637112,-14.449558,1.5614666,71.88174,-3.7504492,-60.137257,0.059376,-3.130924,-0.031171016,9.0015545,7.807116
2010-08-12,-29.955896,15.415722,-17.319445,-0.26809517,107.93193,17.907898,-69.93863,13.140001,1.9320531,0.8247918,7.779627,9.831664
2010-08-13,-34.68719,1.9150923,-18.17814,-4.461266,102.121086,18.09864,-67.96232,17.83405,4.4424644,0.6860298,5.3391333,10.079862
2010-08-14,0.8266617,14.810774,-11.371956,-6.0430126,68.182,27.17339,-50.5053,65.549446,-1.9606705,-0.17655507,4.2332783,12.127344
2010-08-15,-1.9208343,7.4600444,11.399611,-0.42614365,71.95861,25.392517,-63.683052,32.688026,-7.7774215,0.12222947,6.307753,11.192733
2010-08-16,-0.8124939,21.461323,-18.656824,-0.34862188,70.9689,4.4004817,-53.53998,78.21603,-4.21753,-1.7927041,1.15512,13.3389845
2010-08-17,-7.419666,24.139462,12.105752,-3.2236636,68.4923,7.364959,-47.61165,65.1797,-8.176994,-0.06082741,3.93065,12.646215
2010-08-18,-6.288311,6.8687625,-0.96958464,-0.6201144,66.68559,5.9507318,-49.092857,57.217106,-5.944961,-0.17804423,5.6807714,12.633105
2010-08-19,-9.034209,3.6033955,-2.4355323,0.5260328,56.271477,4.60449,-57.67099,61.90816,11.528511,-0.24591032,5.9854894,12.430153
2010-08-20,20.44127,2.2594724,-28.848984,-2.288045,65.71733,11.787611,-53.274727,82.886955,-5.820437,5.3968325,1.4689437,10.674727
2010-08-21,74.03582,0.9127961,2.408891,-0.57288086,72.87726,7.780857,-49.491962,87.94936,6.407524,10.364525,3.9811683,13.343379
2010-08-22,48.56372,1.9043958,12.61866,-0.36031088,79.92981,7.466208,-58.50472,72.37445,11.735175,2.6324883,4.8226476,12.639558
2010-08-23,46.82493,18.954102,-28.48772,-1.4386604,74.30398,20.579704,-49.27922,96.99908,-1.0630168,0.24832276,2.7410605,11.398358
2010-08-24,32.446518,0.22976057,-10.6112585,0.55587983,105.10544,4.5704665,-18.718233,95.05466,-0.27085617,3.5591846,5.8192906,11.612541
2010-08-25,32.90451,-3.128141,5.773498,-5.7887416,88.417854,21.507977,-25.040688,87.00192,-6.487139,6.9685993,5.759828,12.1963
2010-08-26,33.747513,-4.0037446,5.4829125,2.23127,73.896065,15.511696,-25.69495,80.58035,-5.008407,25.190977,5.8888445,13.11968
2010-08-27,30.219193,-2.5423422,11.333091,0.6728676,-16.16015,19.664701,-20.60357,88.894905,18.784962,25.6271,6.32686,11.228208
2010-08-28,32.056023,-7.571389,-6.5096693,0.28118363,26.100685,6.050982,-26.290977,69.88305,8.720406,8.893361,4.0684586,12.109276
2010-08-29,31.655497,-1.3950772,-0.507611,-1.487986,39.51203,4.2429857,-25.69319,72.10681,9.785285,17.816128,4.3953633,11.735532
2010-08-30,26.823824,-0.9392821,-13.498863,-0.5515643,8.651632,24.748434,-12.161192,113.176506,3.6021926,14.141029,5.0070753,11.516649
2010-08-31,11.161507,-12.153491,-0.31074712,1.1211113,-14.516661,30.066547,-4.5255,122.34054,4.789449,-1.3446155,4.1077614,11.479446
2010-09-01,22.523535,0.07643908,-1.866103,-14.372931,9.422663,-1.9673705,-16.163504,107.82221,5.289444,4.6914177,4.422313,-0.10072273
2010-09-02,24.019737,0.14063667,-1.5585573,5.9761677,63.2081,-11.477252,-7.2373705,113.98405,-10.3653145,51.072327,2.8240466,-0.47902578
2010-09-03,15.5963955,2.7737613,-18.631996,-9.554907,122.26148,0.5126974,0.3519975,90.50499,-1.6202725,4.576627,-0.9667311,-0.37418815
2010-09-04,20.748968,1.7998362,-14.536886,0.7509761,157.39032,3.6503584,6.398502,115.08519,4.6714053,-14.25944,2.6584263,0.9795372
2010-09-05,18.750372,-1.9355605,9.569658,2.6494246,131.04517,1.1367297,1.0709616,107.02427,-4.5415573,5.8769774,2.0239537,-1.5708194
2010-09-06,21.965384,-1.1969597,2.9452837,-1.114718,94.59337,4.492318,7.7274585,107.98282,-9.561486,17.643795,1.6338484,-0.37249118
2010-09-07,10.258579,-3.7118168,-11.725424,2.464518,130.0575,18.735065,-0.1586252,115.84578,-8.117779,4.9200487,1.1743838,-0.7379749
2010-09-08,8.329772,-15.99892,7.6540875,1.5936947,137.67827,13.932331,-2.8151932,111.34929,-26.87169,-23.66193,0.9999149,-1.0187201
2010-09-09,8.24574,-14.707215,-12.007767,-5.1871715,135.29593,13.564904,4.3363113,110.13407,-42.094635,-72.456024,1.6917301,0.17684448
2010-09-10,16.484745,-15.741047,-20.425688,0.62340355,135.33417,13.17378,0.27417228,145.89734,-46.151592,-26.153063,2.5234368,0.28390282
2010-09-11,19.536367,-17.102484,-19.776197,-8.055463,136.9694,8.695147,2.9210024,146.25717,-54.285973,-19.41505,2.5044594,0.42232782
2010-09-12,16.190107,-30.35329,0.113113165,-7.647833,126.02837,-3.0712743,-1.2843914,145.74184,-48.208443,-0.50978065,2.5057771,-2.5288618
2010-09-13,16.142447,-27.033266,8.526982,3.7825856,118.122444,15.062099,3.4713583,149.41946,-46.853218,8.841759,2.4807453,-1.7229679
2010-09-14,13.935557,-29.89994,-12.42303,2.030535,119.438934,4.453874,3.8880503,151.28299,-49.273914,0.76628464,2.5060349,-1.3674152
2010-09-15,8.41345,-32.427895,0.53156614,0.4624429,148.84853,17.071997,4.9665337,150.38847,-46.080193,2.0968704,3.1560535,-2.797885
2010-09-16,12.380006,-21.426016,7.827205,2.8295243,114.699554,17.584799,12.525453,126.49377,-39.0301,11.370635,2.3470738,-1.4843049
2010-09-17,0.97228503,-16.513826,3.3496695,-1.347574,26.569183,24.850424,4.714349,127.417816,-28.025286,66.236946,2.8558912,-1.0893037
2010-09-18,-35.532684,-20.456112,4.911242,4.0807047,-54.360283,17.6498,4.5626693,132.50563,-52.971027,23.723642,1.2647514,-1.8903313
2010-09-19,-38.960003,-14.355628,-27.252077,-13.823993,21.01056,19.838713,19.087465,127.37931,-37.968513,-2.7308137,4.0803323,-4.0512466
2010-09-20,-33.888035,-14.473359,-8.59483,-14.045285,92.31262,-2.6712022,23.814009,120.9552,-43.183506,4.1910295,3.9726698,-3.216464
2010-09-21,-72.254265,-15.549431,4.511054,-7.578056,32.20611,1.215365,18.735664,123.254326,-32.443127,1.4144111,4.9675875,-5.9147005
2010-09-22,-80.03833,-13.512908,-21.966063,2.594162,100.07758,17.633856,12.187854,117.992935,-41.50961,-1.5301812,2.5972898,-5.16708
2010-09-23,-87.701004,-12.227331,-13.0528965,-16.291555,108.114006,12.870273,10.339685,124.03467,-62.78139,28.175266,1.9740548,-5.88145
2010-09-24,-94.94572,-14.561294,-14.755958,2.0442698,155.03238,1.8534198,5.2870646,125.67247,-62.76759,23.434614,2.0893812,-5.3858767
2010-09-25,-97.60001,-13.290928,8.154332,0.8172026,160.63872,3.6142032,6.2267194,129.30247,-63.758667,21.034231,2.2754674,-8.280059
2010-09-26,-105.88201,-7.2182794,0.020554185,-14.04662,120.1999,13.029952,5.3847513,130.16928,-74.15726,-1.3948222,2.1087055,-10.753089
2010-09-27,-97.68838,-15.328672,-32.62624,2.7775753,167.44089,18.450298,2.1975574,127.9988,-66.753174,-0.74555755,2.0873668,-9.962742
2010-09-28,-103.21987,-15.084774,-11.734366,5.308297,171.38292,17.006058,5.556426,132.82265,-68.62796,0.6419005,3.6179266,-8.301769
2010-09-29,-107.68329,-9.415735,7.9614387,-12.316677,121.15087,13.1728,-0.9210409,139.38628,-67.282745,-9.592327,2.2326348,-12.327332
2010-09-30,-94.70401,-3.406077,3.0132418,-16.561083,139.18182,16.53274,-0.44737467,134.91493,-52.072678,-23.490993,1.315459,-12.258867
2010-10-01,-64.983734,-8.401544,5.8214235,-1.7160895,20.166975,11.994077,-7.9429703,102.90473,-85.940544,-34.981915,3.7507694,-17.905418
2010-10-02,-55.44784,-8.99867,5.9103374,-9.070411,26.605427,2.2898867,-7.8735495,109.241165,-83.26112,3.1979074,5.1270204,-16.88527
2010-10-03,-70.49295,-12.316709,6.0036764,2.1471665,8.066846,24.005533,-5.218726,97.50077,-73.149284,28.779894,2.889448,-17.15172
2010-10-04,-86.07077,-14.396576,6.0492506,-7.181472,-40.817837,24.791609,-9.412531,97.88317,-100.21769,-1.0499085,2.6398556,-16.632545
2010-10-05,-71.53377,-4.8582163,9.123983,-7.886471,-48.800514,22.311771,-5.4871016,54.159912,-121.20929,-1.6239572,4.029464,-13.293192
2010-10-06,-79.802414,-16.199224,-3.490169,-8.39059,-46.560085,20.606014,-9.203333,45.247604,-119.26603,12.715697,2.2050292,-15.524185
2010-10-07,-85.17325,-16.722292,-7.828534,0.9129819,-47.407536,8.930398,-7.530097,41.674725,-127.28219,-0.8561687,2.497603,-16.424429
2010-10-08,-82.748665,-17.60479,0.8472724,-10.337021,-44.145794,13.005505,1.1269778,18.868212,-145.64734,-2.5572114,3.5893366,-15.570412
2010-10-09,-84.030655,-27.835644,11.170275,3.4168134,-38.33969,-0.9115126,8.106182,0.7492772,-148.80006,0.83308464,2.3051803,-15.797353
2010-10-10,-75.93301,-22.824957,4.2163696,4.3878717,-41.759518,17.060976,9.106699,-3.2565475,-149.18848,0.6372748,3.0113995,-15.81475
2010-10-11,-79.57892,-25.051188,5.203367,-3.8804302,-40.9567,28.100851,7.326289,-1.8083338,-150.51366,0.8369723,4.163836,-15.386659
2010-10-12,-78.50711,-23.006998,-3.3388774,3.3948407,-37.949215,28.10476,0.76388264,-4.1349053,-145.98128,-5.418722,4.9888473,-15.050193
2010-10-13,-78.723946,-20.20239,4.299878,-3.6942718,-40.99142,28.76074,-1.3156074,-3.6191297,-146.71,-34.905235,4.973895,-15.410695
2010-10-14,-75.915596,-20.830898,4.1906095,-4.1271605,-45.46329,25.190155,-3.003795,-29.705362,-126.99469,-36.932472,4.4135647,-15.426062
2010-10-15,-75.52572,-20.013126,4.126012,3.8069413,-67.42441,21.994053,-1.9061007,-37.59922,-129.60124,-42.23991,4.1742535,-14.964408
2010-10-16,-74.718346,-14.179575,3.9521432,-0.6272616,-71.96637,22.59433,-2.55165,-52.535416,-128.797,-39.314354,4.369246,-13.851337
2010-10-17,-61.22877,-13.450614,-2.1987112,-5.884415,-58.096455,28.10735,0.9114478,-49.417988,-112.5085,-36.224415,4.405934,-12.746129
2010-10-18,-51.02321,-12.83382,-2.0508344,-4.873183,-54.435925,28.079338,2.8093905,-51.295483,-108.87978,-39.035942,4.646803,-12.375337
2010-10-19,-41.76363,-24.922083,-18.45181,-2.4331753,-38.974903,21.158512,-0.7403523,-31.44523,-103.2448,-37.506203,3.9054294,-12.13027
2010-10-20,-40.02598,-26.25265,-16.236418,-4.678571,-14.903683,28.421583,5.8465524,-5.3018637,-110.915375,-43.297855,3.8041708,-11.830305
2010-10-21,-42.793476,-28.32581,3.9808507,3.5440896,-6.9616036,26.999168,7.0246973,-25.9074,-101.470436,-42.49574,4.8856034,-12.453451
2010-10-22,-49.124393,-29.281906,6.657264,-1.4608138,-9.7022705,-12.513806,2.943348,-39.903416,-105.78669,-54.27913,4.753607,-9.709017
2010-10-23,-38.57154,-25.794703,5.1931477,-7.362434,-8.883083,-16.9059,0.7340921,-57.529793,-104.62092,-55.85821,4.177384,-10.571043
2010-10-24,-32.03494,-26.113438,2.4615035,-2.645446,-6.4628525,-18.76059,3.1352782,-60.418503,-102.8184,-55.6434,4.167289,-10.169468
2010-10-25,-26.888428,-31.159813,4.3028126,-5.9715166,-20.006392,-14.161021,13.137227,-59.673424,-69.92115,-41.78897,3.235102,-8.85952
2010-10-26,-28.983324,-30.538456,3.381249,-5.752174,-49.87531,-11.494401,7.547234,-59.600117,-77.51321,-47.6853,2.8404691,-8.700702
2010-10-27,-19.733715,-34.103184,3.1288679,-2.7252884,-72.25235,-10.187911,6.174604,-63.381275,-77.42181,-50.286507,2.8710308,-8.579786
2010-10-28,-19.398064,-24.919062,3.2892153,-0.1127426,-72.67138,-13.26902,6.0829387,-62.589645,-76.03112,-62.25884,2.5448222,-9.057574
2010-10-29,2.703755,-32.729652,2.914624,-0.7177673,-72.89291,-11.168959,-2.4959157,-50.04966,-55.691204,-67.63468,3.870864,-9.239879
2010-10-30,-0.064004935,-33.57645,2.7378757,-3.1551795,-70.35072,-12.968283,0.39785528,-57.569427,-43.386597,-51.301285,3.7173915,-10.526288
2010-10-31,4.5188003,-32.42781,2.6272538,3.961992,-70.92895,-13.340299,-0.03261815,-56.684902,-41.74801,-47.17928,3.7173915,-10.535935
2010-11-01,1.1291962,-25.184223,-0.043711986,-4.217402,-59.10079,-10.381486,-2.5216174,-60.745422,-43.627052,1.1589209,-3.3203561,-8.332328
2010-11-02,-3.3157032,-39.653053,3.3974168,-2.8989024,-66.305115,-10.096251,1.9675338,-59.791767,-44.849083,9.967623,-3.0803592,-8.511868
2010-11-03,-0.89143074,-36.026653,3.165366,-4.001875,-63.075783,-10.669516,-0.5520596,-55.595154,-46.336628,8.563517,-3.2505372,-8.5308895
2010-11-04,-19.90111,-33.31509,3.3830984,1.035225,-65.21242,-11.82689,-0.7903963,-57.18574,-49.801598,2.2658598,-3.2365384,-7.011374
2010-11-05,5.573381,-31.960867,2.7330837,-4.4142885,-65.092125,-11.39605,2.2939417,-54.084656,-37.73602,-41.03418,-2.865932,-8.233269
2010-11-06,3.9934423,-32.349747,1.6316354,2.0537207,-64.72819,-12.39952,-1.2276896,-51.89313,-34.755795,-36.701405,-2.7048187,-8.680179
2010-11-07,4.5638967,-32.847477,2.3907447,-4.6632047,-64.00993,-9.3544,-3.6751463,-52.326836,-34.778294,-27.270811,-3.0872009,-8.565816
2010-11-08,8.351674,-28.719297,2.6687489,-3.7373226,-70.07001,-14.026206,-2.1209445,-55.8669,-42.11343,-49.4317,-2.6369152,-8.214824
2010-11-09,10.302353,-22.337423,2.8522508,-3.3140497,-67.497574,-14.600683,0.6338864,-59.675224,-35.498833,-38.98454,-2.5332549,-8.7442045
2010-11-10,10.889122,-19.408361,2.3451362,-4.5857544,-68.33402,-13.304599,0.12762448,-58.891964,-35.245457,-44.94229,-2.6371055,-8.51785
2010-11-11,11.992051,-21.86779,2.8543072,-1.3266546,-68.32163,-13.876757,0.037616007,-58.12803,-23.84216,-46.349422,-2.6039345,-8.913521
2010-11-12,12.037939,-19.054733,2.1029825,-3.17761,-64.54527,-12.2113,1.0234144,-49.907547,-7.1216593,-61.725418,-2.2400575,-8.51326
2011-01-18,13.849656,4.461022,2.5193446,-2.3450189,-42.099102,-6.1730943,-15.45485,-46.117085,19.32979,-71.86387,-2.498513,-6.5883784
2011-01-19,11.479888,4.381201,2.3169842,0.9783555,-34.382458,-5.9953036,-15.890851,-47.28267,14.740513,2.7043386,-2.9248817,-6.979286
2011-05-26,-10.095374,4.0847216,-13.089784,-0.19125372,65.50095,-7.094697,-47.0424,-61.178307,-2.977932,-0.16067174,-3.7863402,6.4163957
2011-05-27,-52.475105,5.699624,-2.7438438,-0.20811197,98.623985,-5.5727754,-43.033455,-59.196613,-2.5755851,0.061585493,-11.994995,6.2030106
2011-05-28,-17.33519,3.220948,4.3607306,1.810568,76.72656,-6.099341,-53.88377,-67.14104,-8.808373,0.027451659,-3.8807364,7.2366214
2011-05-29,-11.086817,3.8201323,-1.8340054,-3.370579,66.900986,-4.662958,-47.040333,-67.911446,-4.841224,0.20661895,-4.540688,6.528447
2011-05-30,-12.5084305,2.9820464,1.7883002,0.3067286,67.71178,-5.5944834,-46.898075,-67.24098,-7.548302,0.06676446,-4.230165,6.926474
2011-05-31,-10.484869,3.523456,2.679279,-2.6519136,52.3548,-3.365427,-47.570812,-66.09462,9.2988825,-1.1126025,-6.580954,6.154656
2011-06-01,3.715828,3.6532798,0.42102623,-4.2277703,14.159881,-4.4199843,-25.432602,-61.492386,9.7504835,-1.2231467,-8.321596,6.5515285
2011-06-02,9.532338,3.2781208,2.5032835,-2.0631778,-29.70334,-4.7358675,-16.113432,-52.36505,10.395672,1.7931782,-4.475213,5.329284
2011-06-03,9.313377,3.5144596,2.459498,-2.0834146,-31.412539,-5.320693,-16.046856,-52.56507,11.786955,2.1567047,-3.995476,5.48147
2011-06-04,-9.469204,4.3334637,-18.344109,-4.3685865,55.94317,21.977018,-63.798725,-37.547733,-5.1438756,0.5712266,-8.816728,7.701271
2011-06-05,-8.545881,3.2524264,3.1981544,-0.645246,49.80787,23.409672,-65.08043,-52.888233,8.695892,-0.93379796,-7.619566,7.7556953
2011-06-06,-10.487677,4.3207774,-10.467046,-4.328468,57.777596,24.875246,-64.68097,-39.676884,-4.6572294,0.058772046,-9.501434,8.078973
2011-06-07,-38.6695,5.6340766,-23.34945,0.97094756,102.5715,10.908586,-70.203636,3.6754353,1.146069,1.1981349,-16.120703,6.03387
2011-06-08,-11.977478,5.568534,10.156676,0.48531932,68.61195,13.20641,-78.025375,4.57698,-11.367133,0.2265863,-5.561624,7.33586
2011-06-09,-20.886156,3.2121432,8.136121,1.941357,66.18942,13.579182,-66.20212,-27.593422,-9.476175,0.49177834,-6.4634104,8.494228
2011-06-10,-19.952238,2.387695,6.725288,-2.443896,66.91654,16.786718,-65.62999,-39.864494,-8.524724,-0.00986194,-6.391097,8.507243
2011-06-11,2.1955333,1.9026242,2.7731106,-2.9624686,-28.41664,19.46165,-31.838295,-40.48338,8.1946945,2.1132767,-7.7679305,6.890934
2011-06-12,4.8893156,1.6414458,3.702615,0.073173225,-30.33553,24.80165,-33.580597,-47.582233,7.9556327,1.4445529,-5.843492,6.960628
2011-06-13,4.7082796,2.725421,2.6311529,-2.9541116,-33.54747,24.811129,-33.18938,-50.968735,8.890748,2.0358672,-8.066946,7.0831428
2011-06-14,5.015626,3.0517788,0.49076742,-3.101686,-35.734398,24.994596,-33.128857,-50.435192,11.453371,1.9599998,-7.860338,7.002128
2011-06-15,4.1688156,1.0231495,-1.5807202,-1.505251,-34.34825,23.50509,-32.833725,-45.88264,8.938343,2.8951867,-7.821196,6.9530816
2011-06-16,6.107768,2.2831917,2.4351997,-3.329452,-36.418236,23.440731,-33.041508,-51.045143,7.5317864,0.56998825,-8.042402,7.1474695
2011-06-17,6.7852287,2.1324162,-20.872913,-4.874871,12.832283,15.224183,-41.301388,2.7136037,11.419531,4.6852446,-11.054334,6.973818
2011-06-18,46.61449,-1.2290705,-19.284122,-0.21501952,92.69086,11.586797,-64.77002,-9.870225,-7.0536585,3.7350943,-10.507853,0.18194738
2011-06-19,47.209774,1.2863227,10.238819,-3.1249151,92.9029,16.918018,-57.041847,-7.6111917,-3.9954603,-0.44232428,-9.033691,1.3652213
2011-06-20,50.88502,0.49342927,14.343885,0.14565563,100.843414,17.673885,-52.323284,-38.152924,-7.048809,6.5588827,-6.9773655,2.432589
2011-06-21,35.365677,-0.8246799,5.0454645,-1.4417827,88.28516,12.781257,-58.03334,-39.937126,-7.516845,-0.08661026,-6.9039736,5.190574
2011-06-22,29.963009,8.793776,7.463603,-0.77398384,25.652464,15.871831,-42.91868,-57.41097,12.566846,-14.541792,-9.3621235,7.9876084
2011-06-23,47.189007,0.34990633,-10.409037,-1.2366722,97.956154,17.729603,-57.947056,-54.232903,-1.4995177,-12.867236,-9.540975,2.6259253
2011-06-24,25.31458,1.4366969,1.2124418,1.4690704,-36.798965,26.141747,-30.555656,-27.432714,5.418597,-16.762001,-8.471213,6.837109
2011-06-25,23.003353,-0.0627351,3.102252,-0.03225919,-47.784996,25.363985,-30.941017,-46.72305,2.7177618,-9.692426,-6.5773325,8.675275
2011-06-26,6.758587,1.8423184,-24.270395,-5.261618,21.529226,12.499026,-43.032516,17.1654,8.584932,-7.1646986,-13.786578,7.530314
2011-06-27,-4.379399,3.0397036,9.866166,1.5114576,28.709602,13.809462,-51.16926,20.063103,6.310528,-4.1264133,-11.912455,6.9546814
2011-06-28,2.9524417,6.785157,5.6468287,-5.197,-1.036985,24.477936,-34.78646,-1.5504915,7.9703355,-0.10807241,-13.493214,7.777138
2011-06-29,2.5099752,2.4603493,4.590917,1.6614001,-2.1704164,23.230846,-33.281506,-29.098055,6.567605,0.20162234,-11.385301,8.168227
2011-06-30,5.966391,3.9561613,3.2373447,1.0794059,-29.106525,23.675753,-30.09337,-40.651733,6.1989083,1.4749241,-7.3408046,7.0475316
2011-07-01,28.625515,-0.111972496,-2.496023,-0.85573757,-25.603926,25.583683,-30.887825,-29.534111,9.337052,7.900916,-9.681651,6.503252
2011-07-02,30.629765,0.3456537,-13.873992,0.83982575,17.26752,22.882895,-38.018475,-27.706472,9.395682,-0.5686142,-9.499042,6.923432
2011-07-03,25.619505,-0.80463034,-22.994875,0.037307,-39.384552,11.135775,-34.8014,10.12673,12.847596,-8.970936,-8.0591,4.939612
2011-07-04,31.176825,1.0079161,8.640488,-1.3281754,-41.29165,28.422108,-33.785748,23.699158,10.477839,-4.2755136,-8.095669,4.826244
2011-07-05,29.957785,-1.4406447,5.668469,-1.9124194,-39.16426,26.476082,-24.53438,-12.721844,8.791602,-0.3302727,-8.0092535,5.8090944
2011-07-06,21.367067,-0.5743585,4.3546567,0.9989456,-31.316315,-7.0165834,-13.812865,-29.082445,9.042273,1.6423153,-8.155719,5.17095
2011-07-07,21.530476,-3.8719387,3.2128062,-1.0559002,-30.786854,-6.421732,-12.60308,-49.206505,5.264755,0.8926279,-6.6559,6.5326295
2011-07-08,22.093948,-4.0091195,0.36121228,0.8734152,-28.677288,-5.4834175,-13.531909,-42.168175,6.9948583,1.7221202,-6.5574894,5.9177494
2011-07-09,18.985334,0.67930555,2.1814973,1.1559777,-43.129124,-6.220847,-13.202676,-40.812054,-0.092521645,3.3576589,-4.1164045,5.5565066
2011-07-10,20.720203,-0.23926741,3.0377758,-1.8197714,-50.65417,-5.4162545,-12.936609,-48.150642,0.95880365,3.8360016,-4.2911553,6.0635076
2011-07-11,21.563692,-1.4383175,-8.65108,-1.037295,-43.04234,21.657999,-27.665138,-26.552067,-0.037310816,-5.541724,-7.349064,7.0750146
2011-07-12,30.247486,-0.14125726,2.9804378,0.19924064,-50.420918,27.477697,-25.642523,-43.195328,5.570066,-29.986298,-5.5787435,7.7895546
2011-07-13,27.009682,-0.02871884,2.8248436,0.9838405,-49.25747,27.221823,-25.584803,-52.187523,2.826736,-16.543829,-5.900891,8.874277
2011-07-14,23.671951,-0.29046813,-0.2576862,-0.8672086,-38.41036,27.459723,-25.326675,-46.84038,3.4946852,-0.7250946,-7.215416,7.7708197
2011-07-15,21.271988,-0.61806,3.476733,-1.1652716,-47.601986,15.303474,-19.511786,-48.221935,1.0042589,1.584521,-5.0219097,7.3395815
2011-07-16,25.313766,0.62416446,3.0692513,-3.0697165,-48.92925,20.753475,-24.882053,-50.916576,1.9369323,3.4686003,-8.358864,7.903921
2011-07-17,30.064795,4.162168,-19.221346,1.1602455,11.945535,-8.144515,-10.541549,-34.77343,6.532179,-1.1976534,-11.415306,6.9693356
2011-07-18,47.575714,4.9348297,-29.3396,1.3258386,108.78717,22.876436,6.739979,14.697255,17.892914,-4.364723,-18.95819,0.7545146
2011-07-19,76.78649,-5.748645,-33.945713,-1.5805336,143.37991,40.12526,0.7768136,58.302124,13.91612,-1.317554,-23.376911,7.2281613
2011-07-20,89.70508,-2.744484,2.7756011,0.13839081,190.63362,39.5708,-3.2071927,71.77227,4.5963616,3.1857538,-32.29823,5.3404455
2011-07-21,59.748466,1.9047605,3.6531792,-4.2272496,165.06435,40.05621,-4.560514,66.31924,-2.25443,5.0472174,-30.789423,4.857388
2011-07-22,53.271645,1.45992,12.152818,1.0575478,155.09831,35.876,3.917827,20.503418,-1.0248631,4.1187215,-19.113264,6.9583406
2011-07-23,58.493,2.4554458,9.531703,-6.2839518,144.47835,35.558235,3.6851962,-0.7810888,-1.0671026,5.295284,-18.895359,7.29527
2011-07-24,31.800354,5.4508076,8.223411,-0.32352105,38.903664,39.94936,1.5927107,24.562841,15.346093,-1.1783509,-19.966835,5.3337355
2011-07-25,31.432058,7.7434115,4.95787,3.0699315,-49.64183,34.894764,-4.4295497,-15.104188,4.5334992,1.2112688,-15.166559,6.5863504
2011-07-26,20.371412,6.512857,2.7344437,2.9868495,-54.00717,-13.283804,-4.252959,-39.623127,5.533612,2.8026807,-8.442454,4.0315127
2011-07-27,16.895096,6.166922,2.4378116,3.3758843,-54.12343,-12.761395,-4.209746,-47.487526,6.505697,2.9837422,-9.200425,5.8126273
2011-07-28,18.519066,6.6092496,2.7350957,3.0456703,-56.13436,-13.175107,-5.04489,-52.023384,6.8302665,1.8374493,-9.084884,5.8077726
2011-07-29,18.467861,2.7259088,2.5669103,-0.8904326,-56.593853,-13.043235,-5.3186293,-56.66869,6.890781,2.670455,-9.200425,5.793818
2011-07-30,16.606178,6.1431484,0.5814268,1.9336793,-53.68928,-12.740456,-0.32179534,-50.457993,8.338594,1.4654324,-9.087474,5.7453036
2011-07-31,25.27134,-1.599847,2.4255347,-0.14801976,-64.242805,-11.226985,-3.1863873,-64.65838,16.14906,32.705902,-8.262538,4.9554615
2011-08-01,19.027248,-2.4082172,2.579922,-3.9808366,-60.683968,-12.163105,-0.1986087,-57.78522,21.462887,41.34178,7.346191,6.8058414
2011-08-02,8.009842,-16.574707,2.4253495,-0.5507424,-62.981453,-10.145927,-7.1109204,-57.688725,19.885878,38.75292,6.346695,6.1007347
2011-08-03,8.642869,-8.347736,-19.287788,1.9334527,-33.03726,-12.646655,2.1653798,-35.641777,27.773304,47.651814,8.02111,6.2539935
2011-08-04,3.5173738,-19.192932,2.9771864,-1.09432,-34.079403,-12.066623,4.285068,-47.27772,17.979666,8.60158,8.163092,5.127281
2011-08-05,7.3951597,-25.489643,-10.414466,1.7706226,-0.9535405,-8.985927,6.4622374,-42.575535,18.694143,-4.9883237,8.551553,11.549339
2011-08-06,13.190992,-21.472603,2.2749512,-1.8156779,-10.750224,-5.7324123,7.9057684,-40.82281,18.82681,-66.71861,7.599179,11.631782
2011-08-07,13.915471,-16.30282,2.435412,-1.443563,-21.405634,-4.8434544,7.4902143,-44.682076,8.359375,-60.208466,6.8252907,11.22369
2011-08-08,14.305077,-14.055876,3.454243,2.1567352,-31.66275,-9.747855,6.656005,-53.403946,7.3898263,-36.451138,6.9450855,12.314447
2011-08-09,12.715476,-14.352167,3.3205156,1.1022409,-41.537243,-8.498523,7.311793,-54.78562,5.0593743,-39.967392,7.205374,12.578338
2011-08-10,12.277971,-8.174196,-5.536083,1.546492,-56.31201,-10.207556,7.3767657,-47.346115,3.4791741,-42.718643,4.7520514,12.564407
2011-08-11,21.424923,-3.7923133,-7.6063128,0.6586882,-33.795803,-8.736865,8.379287,-46.10263,5.706981,-40.49523,6.3788686,12.009357
2011-08-12,61.83406,-2.2963278,-31.234804,3.2869895,202.61324,16.775797,14.696885,89.97307,8.930409,-14.986612,-2.9603782,14.992508
2011-08-13,78.50876,-11.143129,-24.527227,1.1351482,185.19453,19.700089,13.649318,135.62645,18.429653,0.8257051,-4.7120156,11.684894
2011-08-14,74.41628,-2.418162,6.126053,-2.2646286,198.24783,19.521292,13.323928,99.38289,14.053018,4.5080175,-5.3320317,12.799425
2011-08-15,75.74827,5.9415693,10.69351,3.364294,202.03487,19.696661,16.365732,96.656044,13.540322,2.3653083,-5.711984,13.28975
2011-08-16,83.59272,1.816104,7.05703,-5.260919,191.85722,26.406384,14.95163,96.357346,17.641907,0.66195214,-1.1958888,13.218761
2011-08-17,59.905807,-2.7585435,8.7067995,-0.63553816,188.72812,48.06009,14.1244755,83.836296,24.191534,0.067340106,2.2428432,13.804556
2011-08-18,41.55657,-2.3498564,11.413207,3.0467615,183.20854,-11.2716465,17.160915,54.165825,22.831406,-1.499843,5.0244646,10.521389
2011-08-19,19.651747,-9.7143545,6.8775687,2.3225024,-57.98209,-12.678258,14.882613,50.90629,7.3606157,1.3393967,9.286977,7.954312
2011-08-20,21.006954,-13.159024,6.624644,-2.1003973,-61.95106,-9.722962,12.625884,39.150867,8.993082,3.1122892,8.111965,8.317997
2011-08-21,23.081064,-6.654417,-28.146757,-12.998097,-58.268475,-11.594639,14.274698,40.334694,8.069155,0.85663944,7.906989,9.0454445
2011-08-22,20.273718,-3.9939113,7.0012884,0.06045787,-60.133076,-7.887577,15.828869,50.160538,9.088277,-2.1199253,9.36983,13.043343
2011-08-23,24.246264,-9.7081375,6.888777,1.9843601,-59.380394,21.361565,11.385266,39.82124,1.4763451,1.6656265,7.5954237,9.087577
2011-08-24,27.576468,-15.368948,6.1321054,-9.036486,-58.778637,20.528263,12.420829,37.24889,0.25913042,6.7723827,5.1597786,9.038654
2011-08-25,23.091314,-16.74231,-2.0035722,-3.2732265,-62.76578,37.9891,15.098013,28.384537,-2.4999826,33.856266,5.9344983,9.45166
2011-08-26,18.492271,-22.169147,-11.784096,0.65330005,-13.971356,37.071346,15.637792,14.976475,2.7024298,52.18101,8.012413,7.093485
2011-08-27,-7.898051,-29.350645,4.5494328,6.385791,-30.142963,39.8054,13.3787155,20.998013,2.6800296,45.785378,5.142157,7.1142006
2011-08-28,-22.11306,-30.169031,4.3482647,1.4197388,-55.789783,41.788883,1.1074994,-30.510757,-10.623828,5.7886786,3.6883574,7.9114313
2011-08-29,-22.515757,-28.104609,-0.55193365,-1.5369124,-53.951225,37.41798,4.6935954,-30.24709,-8.731146,2.3290856,4.427284,7.6736712
2011-08-30,-21.436668,-27.021275,-2.473344,-2.3830733,-49.17793,41.883366,4.5890803,-27.723257,-6.406375,-0.13563468,4.407199,7.566746
2011-08-31,-8.836928,-15.92723,4.1386013,2.2425067,-43.865864,39.669186,6.0630546,-40.54663,-0.33039847,-33.372974,4.031413,9.148831
2011-09-01,-3.9680514,-10.192639,-3.9087303,2.4640608,-50.134804,41.171402,5.832915,-30.218172,-27.943987,-40.987907,4.0813804,0.3026129
2011-09-02,-15.019537,-7.0968866,4.085999,-3.088428,-59.96952,33.058376,-13.816883,-33.99284,-72.57916,-60.9919,3.1635149,-1.7034953
2011-09-03,0.018665552,-10.271946,4.532665,-5.274251,-61.25635,32.102406,-1.198063,-60.40035,-50.54828,-43.525417,5.8968735,0.30204475
2011-09-04,-28.118082,-47.202408,-9.134804,3.6073055,-38.549812,31.503931,-7.741444,-49.673943,-47.09274,1.7158284,4.060643,-0.9914707
2011-09-05,-16.212181,-11.083457,5.4522634,0.042024158,-53.50947,29.965878,-18.094578,-61.821186,-46.493618,2.3752494,3.9058254,0.61075616
2011-09-06,13.139332,-12.502716,-0.9078701,-0.6246529,-61.840473,31.221214,-13.687509,-55.197586,-51.46508,-44.093376,5.758794,1.2136555
2011-09-07,27.05667,-9.054676,-22.576227,-0.97783464,1.3146989,32.93855,5.397982,16.158531,-4.1541185,-49.694134,7.7643156,1.1730852
2011-09-08,21.37088,-16.03701,5.386905,1.5849007,-9.71888,36.090374,2.6029289,-3.7195418,-5.2609754,1.998331,9.416156,0.34976852
2011-09-09,33.617973,-13.533848,-29.465158,0.6156179,136.1962,11.962394,18.072098,21.903723,3.4201772,-25.106703,7.181255,3.6518798
2011-09-10,37.344494,-15.469676,10.638514,-12.033314,139.94322,30.906942,17.645151,28.359646,8.506142,-26.434011,8.511299,0.6031972
2011-09-11,23.523026,-10.246268,5.41806,-0.8331837,44.37126,-9.881881,10.707305,-3.0007014,8.067089,-34.755543,9.455572,6.8437257
2011-09-12,28.060793,-4.7557077,-38.172737,0.31595328,140.26765,-10.905641,19.625854,35.853878,8.96855,1.6579096,6.3012557,2.0517855
2011-09-13,28.30171,-4.0380535,9.194218,2.7828848,128.73714,-12.622164,19.134165,31.255108,7.0225935,0.42936233,10.083707,0.7622185
2011-09-14,33.76765,-1.201048,-4.619175,-7.132754,108.88863,-6.2288837,20.87096,33.448547,1.4253767,0.49629968,11.187258,2.6693344
2011-09-15,28.591248,-2.5953422,7.3110266,0.6851943,112.41627,-6.590051,20.72604,30.798119,3.0390651,0.4598653,11.212406,2.1191008
2011-09-16,52.426865,0.49326473,-29.607004,-11.825834,187.61304,21.893496,6.810037,95.70164,9.24926,-17.505516,5.4768434,1.6251581
2011-09-17,63.725304,9.121248,7.774977,-10.496798,188.77666,26.705194,7.4955564,88.45457,11.967145,-12.216767,5.809839,0.5791618
2011-09-18,63.532715,14.46967,7.9119396,4.0583715,179.89613,28.850658,6.181799,76.68228,10.819585,-1.5268126,5.610255,-0.43473554
2011-09-19,56.42875,-6.6528788,8.885048,-3.055456,113.96976,32.421196,13.622884,78.34759,15.124258,-0.68580264,5.374462,1.7827384
2011-09-20,48.17662,-18.208273,-25.921951,2.516388,175.07434,19.05558,15.8176155,96.26113,10.194533,6.9974294,5.7647696,0.78523135
2011-09-21,41.523384,-20.87871,-14.436994,2.7842171,182.18211,22.02955,17.675901,134.687,6.5274796,6.1905584,3.7758043,2.0030925
2011-09-22,42.32597,-22.658741,-12.511156,0.08061143,178.71944,8.524555,12.85928,130.04633,5.4852896,7.849023,3.6486561,1.523319
2011-09-23,12.435244,-18.70949,-5.0252905,-1.8394928,169.27486,-1.9665419,14.1562,132.58032,0.5343932,8.463505,2.8193374,-0.06549719
2011-09-24,9.924022,-19.492792,7.4546967,3.2143722,193.88293,4.355991,18.894299,143.19548,-4.2394648,6.083393,6.973668,0.5263643
2011-09-25,14.199824,-18.852516,1.0257593,2.6823344,172.33481,4.0197215,20.312931,137.87598,-4.811478,7.117865,4.1166415,0.8084335
2011-09-26,5.3171644,-14.968083,-12.769746,-9.96399,181.43121,6.639416,18.523798,143.70636,-4.147258,10.869949,2.8272426,1.1665313
2011-09-27,3.7282405,-16.154327,-16.985537,1.3541065,193.5009,23.799778,13.878762,164.50922,-1.5930748,7.607152,2.9151645,-0.7784888
2011-09-28,0.35828525,-21.171206,8.934108,1.4483052,160.32243,21.052294,11.929691,159.30554,-3.7943475,0.655313,3.00796,-4.171973
2011-09-29,-1.174973,-17.013731,7.295728,5.4635344,109.286575,12.531671,27.28011,156.81499,-11.967601,28.36984,2.3065896,-1.8914864
2011-09-30,-26.850586,-25.830742,-26.854467,-1.1685803,164.63007,16.395102,14.152712,165.72647,-11.314039,31.148146,1.9636598,-2.4303687
2011-10-01,-50.37596,-18.156416,10.713254,0.28575617,168.45093,25.597157,23.851234,134.50882,-8.470455,0.9635805,2.1367273,-22.843973
2011-10-02,-49.917336,-12.147452,-10.922619,-14.413141,184.39267,21.712515,12.3344965,137.21318,-48.890583,-5.1613383,1.6749046,-13.499238
2011-10-03,-56.20139,-16.53903,12.653442,4.503484,93.77575,18.818546,13.541302,137.33716,-36.851063,9.9292145,1.9308403,-24.113684
2011-10-04,-52.303818,-6.170934,9.42959,-12.190689,-23.271765,-5.97491,15.487526,158.27364,-33.069675,22.755846,3.41522,-11.0474825
2011-10-05,-77.11609,-6.7998853,7.9169493,-27.257687,-19.569792,-5.240499,11.886397,141.93878,-37.59844,23.917599,3.0861576,-12.175881
2011-10-06,-90.06102,-11.540746,-32.5339,-8.681283,63.46494,21.077333,6.1165156,124.04468,-72.539,8.464569,2.5965543,-20.561752
2011-10-07,-83.14088,-8.54268,7.160081,3.0827777,-25.501303,18.45762,6.4429607,165.33038,-85.61495,-0.8912258,2.6137753,-14.214141
2011-10-08,-76.17317,-11.545264,10.978957,-8.686944,-30.498037,20.080048,3.2410853,138.93687,-75.192856,1.6590079,2.430929,-13.882726
2011-10-09,-89.63952,-11.986717,-25.158134,-13.654125,-7.3394985,27.724571,-4.7749033,139.54172,-78.13931,-3.3279731,2.6615243,-14.894762
2011-10-10,-86.3506,-19.48911,-27.018154,-17.409239,86.309135,23.577724,1.7982593,132.92833,-61.897575,6.6070585,0.6158947,-23.712347
2011-10-11,-88.93179,-35.96314,-15.0285,2.524745,148.08002,23.540152,6.185467,119.46904,-79.42888,-1.3351176,1.5319879,-20.725454
2011-10-12,-82.895836,-13.358269,-21.908825,3.6498652,164.99574,30.364538,7.350292,133.626,-111.696495,-18.914831,0.76583624,-20.993462
2011-10-13,-84.87974,-13.522796,-22.863087,-2.1558778,153.54645,25.531393,8.995554,133.38788,-102.869446,2.598741,0.9273124,-20.530777
2011-10-14,-90.66117,-22.571493,6.4307966,-18.739792,145.32736,19.742676,7.7630987,131.33627,-95.583336,3.4520037,1.1896522,-22.230453
2011-10-15,-78.403275,-14.24582,7.7495103,3.5466144,157.17406,23.094473,6.777683,129.7044,-101.96986,-1.1711086,0.8581077,-22.827473
2011-10-16,-86.78497,-14.454624,-22.513008,-14.699961,151.57967,26.373396,6.643011,128.58336,-103.20052,-9.39585,0.9671655,-21.313095
2011-10-17,-78.32386,-17.3974,5.7711635,-13.899887,111.6501,22.925756,3.9497333,133.42108,-89.761856,-26.869207,1.494993,-27.554169
2011-10-18,-93.074036,-16.71492,6.170371,-17.066715,80.75029,21.96641,8.919288,123.54634,-90.40097,-22.643883,1.6586044,-25.804218
2011-10-19,-84.306526,-9.774248,9.764041,-7.2629223,-22.125072,17.305357,4.9470797,149.05441,-78.2655,-3.38681,2.3731508,-13.720972
2011-10-20,-71.63029,-9.599013,9.56429,-2.4444623,-49.336105,10.410477,0.9235903,116.89157,-92.26126,1.6884327,2.2592816,-15.471291
2011-10-21,-66.988655,-2.2325735,7.117367,-5.341185,-56.730324,24.340328,-0.13417228,98.46879,-105.63395,-42.49233,2.8876421,-16.095633
2011-10-22,-59.640232,-8.867178,-32.385254,1.6720526,-5.0698376,38.32477,11.552863,134.36322,-74.56343,0.586282,3.0936863,-11.761708
2011-10-23,-65.387924,-3.0412261,12.322521,-2.2551856,-49.19026,28.111881,6.818096,142.36963,-81.9213,15.417349,2.4293764,-14.486715
2011-10-24,-75.92442,-4.257514,12.091665,-12.055949,-38.818768,39.800488,2.874069,115.29932,-84.238,15.363388,2.3700812,-15.906692
2011-10-25,-55.333664,-3.3919125,13.4847555,2.2637036,-45.48518,23.444515,0.41739917,66.2333,-111.24478,10.550862,3.5930388,-17.448708
2011-10-26,-70.344315,-23.582548,13.405398,-9.170594,-42.316334,7.4041305,3.9729989,15.710174,-133.74083,-0.9653921,2.3813953,-15.532939
2011-10-27,-68.61104,-20.066795,10.834037,-7.1725926,-43.788433,30.270584,-2.6024756,-3.8768432,-133.68465,-0.06725631,4.342598,-15.014504
2011-10-28,-62.254868,-14.51602,11.029247,-7.2814856,-52.15242,28.668295,-6.097304,-9.225603,-129.24516,-44.059315,4.739905,-15.58343
2011-10-29,-65.90142,-20.425009,8.035501,-5.1622353,-68.57361,29.976107,-4.988728,-34.965637,-132.44463,0.16117758,4.4396105,-15.52387
2011-10-30,-64.141396,-16.909252,5.605545,-4.3575807,-70.57667,-2.3669662,-6.9033027,-54.89898,-130.89757,-1.4987506,4.582096,-9.586198
2011-10-31,-54.768723,-13.711039,5.862983,-6.25395,-78.20532,-0.65323126,0.65583485,-61.276443,-113.13524,-42.412163,4.591447,-9.802431
2011-11-01,-60.034584,-11.400802,4.638872,-4.5227976,-81.181465,-16.958952,-2.2138073,-63.396168,-126.30407,-53.333397,-0.18166786,-8.173521
2011-11-02,-56.39268,-13.696977,4.6843715,-3.4138002,-84.040436,-16.587887,-1.2314144,-68.59537,-125.751495,-45.048058,-0.3852325,-7.806564
2011-11-03,-52.067497,-14.391436,4.6981044,-5.7253976,-81.64305,-16.577456,-0.27873832,-69.527084,-122.48871,-44.51264,-1.2287204,-7.7305717
2011-11-04,-55.640797,-12.868404,4.1678586,-4.4181705,-85.306244,-18.941444,5.670157,-69.97163,-129.03871,-39.770035,-1.8995427,-7.262584
2011-11-05,-48.983047,-12.272036,4.1265664,-4.409092,-77.183815,-20.040144,5.446655,-70.02257,-129.59335,-14.163395,-2.173432,-7.2643085
2011-11-06,-56.496864,-18.954252,4.2520556,-2.8803213,-84.4197,-18.915552,5.1411347,-70.42805,-126.59151,-50.82968,-1.4738027,-7.027145
2011-11-07,-56.12892,-22.991772,4.188413,-4.3449273,-84.860565,-16.442207,5.725932,-71.80731,-125.91801,-54.676,-1.4783868,-7.1061244
2011-11-08,-45.68259,-26.59728,3.920829,-2.7081313,-86.889084,-16.687212,5.094535,-75.149185,-123.64428,-55.91497,-1.5369557,-7.790778
2011-11-09,-34.848103,-25.599382,3.8569458,-2.4372253,-86.84163,-19.313265,8.146301,-71.60922,-119.876625,-58.597904,-1.8385334,-8.351845
2011-11-10,-34.89745,-28.510593,3.8658645,-4.083803,-76.46163,-12.185814,2.2770712,-58.157547,-82.1651,-70.21194,-1.7625612,-7.506492
2011-11-11,-23.069983,-30.96026,4.114253,-3.300585,-73.61458,-8.819262,-2.6636436,-57.508556,-78.88925,-61.909473,-1.6189423,-7.329956
2011-11-12,-25.665735,-31.822042,3.5969172,-0.9746681,-77.528786,-12.270548,-0.6146492,-55.347336,-60.867775,-56.701965,-1.6180551,-7.96617
2011-11-13,4.2611413,-32.456547,3.688542,1.6352003,-72.64461,-14.956104,-0.33160156,-54.373386,-55.270115,-52.344727,-2.0153217,-8.586761
2011-11-14,4.697595,-32.08626,3.316688,-4.0558124,-70.66311,-12.461537,-0.76759565,-52.384148,-43.26147,-48.99253,-2.553265,-8.01636
2011-11-15,7.264926,-31.5979,3.2125201,-3.7413113,-68.477936,-12.697231,0.0069637187,-52.24247,-36.277996,-44.935886,-2.5332549,-8.037386
2011-11-16,7.3886294,-36.529686,3.3221846,1.5596799,-68.017845,-12.8543625,0.3071078,-50.773956,-26.01408,-46.53908,-2.5332549,-8.02757
2011-11-17,11.61151,-26.279213,2.9475553,-0.46001732,-67.518074,-14.654923,0.47756916,-58.114426,-24.11942,-46.117702,-2.5332549,-8.514188
2011-11-18,11.28016,-20.868826,2.5986946,-3.5917885,-65.93737,-13.018212,-0.13296878,-51.56377,-4.688556,-50.82282,-2.5332549,-9.015235
2011-11-19,10.356744,-21.536139,2.0994413,-1.4870183,-64.7247,-11.91928,0.47676998,-53.621548,-0.19318904,-50.80179,-2.4564264,-8.8936205
2011-11-20,10.81727,-19.333494,2.0231254,-4.597071,-62.84197,-12.334067,0.38087267,-52.254494,-0.18485431,-48.073746,-2.5367813,-8.911061
